Url,Title,Id,Message,Pro_and_Con
https://www.ptt.cc/bbs/Stock/M.1770111457.A.004.html,[新聞] 南亞科挨罰! 春安勞檢祭停工5項、開罰55萬,jumpballfan,: 停工5天 營收月減,推
https://www.ptt.cc/bbs/Stock/M.1770111457.A.004.html,[新聞] 南亞科挨罰! 春安勞檢祭停工5項、開罰55萬,cuteme5566,: 利多，明天漲停,推
https://www.ptt.cc/bbs/Stock/M.1770111457.A.004.html,[新聞] 南亞科挨罰! 春安勞檢祭停工5項、開罰55萬,love80,: 這下產能再度受限，一個字,推
https://www.ptt.cc/bbs/Stock/M.1770111457.A.004.html,[新聞] 南亞科挨罰! 春安勞檢祭停工5項、開罰55萬,gamania5972,: 難怪今天崩崩,→
https://www.ptt.cc/bbs/Stock/M.1770111457.A.004.html,[新聞] 南亞科挨罰! 春安勞檢祭停工5項、開罰55萬,ntr203,: 滾啦 拖累台灣ai發展,推
https://www.ptt.cc/bbs/Stock/M.1770111457.A.004.html,[新聞] 南亞科挨罰! 春安勞檢祭停工5項、開罰55萬,yellone741,: 敢營收月減試試看,推
https://www.ptt.cc/bbs/Stock/M.1770111457.A.004.html,[新聞] 南亞科挨罰! 春安勞檢祭停工5項、開罰55萬,tony15899,: 直接匯500萬給你慢慢罰都可以,推
https://www.ptt.cc/bbs/Stock/M.1770111457.A.004.html,[新聞] 南亞科挨罰! 春安勞檢祭停工5項、開罰55萬,grotwpig645,: 看來要噴了,推
https://www.ptt.cc/bbs/Stock/M.1770111457.A.004.html,[新聞] 南亞科挨罰! 春安勞檢祭停工5項、開罰55萬,ericf129,: 丸子 明天跌這個,推
https://www.ptt.cc/bbs/Stock/M.1770111457.A.004.html,[新聞] 南亞科挨罰! 春安勞檢祭停工5項、開罰55萬,l810502,: 55萬這種鉅額罰款，南亞科怎麼吃，明天等一大根綠棒,推
https://www.ptt.cc/bbs/Stock/M.1770111457.A.004.html,[新聞] 南亞科挨罰! 春安勞檢祭停工5項、開罰55萬,luche,: 之後去監工台積電和輝達看看,→
https://www.ptt.cc/bbs/Stock/M.1770111457.A.004.html,[新聞] 南亞科挨罰! 春安勞檢祭停工5項、開罰55萬,Xration,: 完啦 龍哥空單大獲全勝,推
https://www.ptt.cc/bbs/Stock/M.1770111457.A.004.html,[新聞] 南亞科挨罰! 春安勞檢祭停工5項、開罰55萬,Karstens,: 難怪今天崩 原來是這樣,推
https://www.ptt.cc/bbs/Stock/M.1770111457.A.004.html,[新聞] 南亞科挨罰! 春安勞檢祭停工5項、開罰55萬,jumpballfan,: 原來是停工五項 打錯了…,推
https://www.ptt.cc/bbs/Stock/M.1770111457.A.004.html,[新聞] 南亞科挨罰! 春安勞檢祭停工5項、開罰55萬,whynot0629,: 明天穩噴的,推
https://www.ptt.cc/bbs/Stock/M.1770111457.A.004.html,[新聞] 南亞科挨罰! 春安勞檢祭停工5項、開罰55萬,sam861kk,: 利晉營造,推
https://www.ptt.cc/bbs/Stock/M.1770111457.A.004.html,[新聞] 南亞科挨罰! 春安勞檢祭停工5項、開罰55萬,brian040818,: 55萬 至少噴55元,→
https://www.ptt.cc/bbs/Stock/M.1770111457.A.004.html,[新聞] 南亞科挨罰! 春安勞檢祭停工5項、開罰55萬,harrychen413,: 丸子 eps要變負的了,推
https://www.ptt.cc/bbs/Stock/M.1770111457.A.004.html,[新聞] 南亞科挨罰! 春安勞檢祭停工5項、開罰55萬,brain9453,: 是不是做多記憶體的人 想再卡產能,→
https://www.ptt.cc/bbs/Stock/M.1770111457.A.004.html,[新聞] 南亞科挨罰! 春安勞檢祭停工5項、開罰55萬,supersunday,: 原來今天跌這個,推
https://www.ptt.cc/bbs/Stock/M.1770111457.A.004.html,[新聞] 南亞科挨罰! 春安勞檢祭停工5項、開罰55萬,fallinlove15,: 有很多嗎,→
https://www.ptt.cc/bbs/Stock/M.1770111457.A.004.html,[新聞] 南亞科挨罰! 春安勞檢祭停工5項、開罰55萬,eink,: 期許南亞科的公安表成為營造業的模範生,推
https://www.ptt.cc/bbs/Stock/M.1770111457.A.004.html,[新聞] 南亞科挨罰! 春安勞檢祭停工5項、開罰55萬,lawrencezxc,: 噴,→
https://www.ptt.cc/bbs/Stock/M.1770111457.A.004.html,[新聞] 南亞科挨罰! 春安勞檢祭停工5項、開罰55萬,gtaped05550,: 月減,→
https://www.ptt.cc/bbs/Stock/M.1770111457.A.004.html,[新聞] 南亞科挨罰! 春安勞檢祭停工5項、開罰55萬,jorneet,: 前年次子公司福懋科才因壁連桿有問題導致鷹架倒塌,推
https://www.ptt.cc/bbs/Stock/M.1770111457.A.004.html,[新聞] 南亞科挨罰! 春安勞檢祭停工5項、開罰55萬,jorneet,: 走了幾名員工，還是學不乖,→
https://www.ptt.cc/bbs/Stock/M.1770111457.A.004.html,[新聞] 南亞科挨罰! 春安勞檢祭停工5項、開罰55萬,DustinFu,: 笑死，新聞也太多了,推
https://www.ptt.cc/bbs/Stock/M.1770111457.A.004.html,[新聞] 南亞科挨罰! 春安勞檢祭停工5項、開罰55萬,hc20016,: 2月天數就在少還停工 真丸,推
https://www.ptt.cc/bbs/Stock/M.1770111457.A.004.html,[新聞] 南亞科挨罰! 春安勞檢祭停工5項、開罰55萬,devidevi,: 重罰55萬，2月一定月減了,推
https://www.ptt.cc/bbs/Stock/M.1770111457.A.004.html,[新聞] 南亞科挨罰! 春安勞檢祭停工5項、開罰55萬,PTTallener,: 鬼故事,推
https://www.ptt.cc/bbs/Stock/M.1770111457.A.004.html,[新聞] 南亞科挨罰! 春安勞檢祭停工5項、開罰55萬,apolloapollo,: 噴爆 暴利沒差,推
https://www.ptt.cc/bbs/Stock/M.1770111457.A.004.html,[新聞] 南亞科挨罰! 春安勞檢祭停工5項、開罰55萬,a210510,: 一項一根 五項五根 準備腰斬了,推
https://www.ptt.cc/bbs/Stock/M.1770111457.A.004.html,[新聞] 南亞科挨罰! 春安勞檢祭停工5項、開罰55萬,d0089145,: 過年能不月減嗎,推
https://www.ptt.cc/bbs/Stock/M.1770111457.A.004.html,[新聞] 南亞科挨罰! 春安勞檢祭停工5項、開罰55萬,kilo7,: 工安越差 股價越高 噴噴～,→
https://www.ptt.cc/bbs/Stock/M.1770111457.A.004.html,[新聞] 南亞科挨罰! 春安勞檢祭停工5項、開罰55萬,ship1228,: 這要噴了吧，工安越爛越噴,推
https://www.ptt.cc/bbs/Stock/M.1770111457.A.004.html,[新聞] 南亞科挨罰! 春安勞檢祭停工5項、開罰55萬,white1861,: 越來越噴,推
https://www.ptt.cc/bbs/Stock/M.1770111457.A.004.html,[新聞] 南亞科挨罰! 春安勞檢祭停工5項、開罰55萬,apple123773,: 崩盤！,→
https://www.ptt.cc/bbs/Stock/M.1770111457.A.004.html,[新聞] 南亞科挨罰! 春安勞檢祭停工5項、開罰55萬,JoSiRiUsJo,: 訊號來了,推
https://www.ptt.cc/bbs/Stock/M.1770111457.A.004.html,[新聞] 南亞科挨罰! 春安勞檢祭停工5項、開罰55萬,ychuange,: 越停越嚴重,推
https://www.ptt.cc/bbs/Stock/M.1770111457.A.004.html,[新聞] 南亞科挨罰! 春安勞檢祭停工5項、開罰55萬,l04,: 不怕 又不是生產區域？,推
https://www.ptt.cc/bbs/Stock/M.1770111457.A.004.html,[新聞] 南亞科挨罰! 春安勞檢祭停工5項、開罰55萬,fp737,: 產線也不會停工吧  不用擔心,推
https://www.ptt.cc/bbs/Stock/M.1770111457.A.004.html,[新聞] 南亞科挨罰! 春安勞檢祭停工5項、開罰55萬,as555,: 噴 產能延後，供貨持續吃緊,推
https://www.ptt.cc/bbs/Stock/M.1770111457.A.004.html,[新聞] 南亞科挨罰! 春安勞檢祭停工5項、開罰55萬,hihi29,: 鬼故事來啦,推
https://www.ptt.cc/bbs/Stock/M.1770111457.A.004.html,[新聞] 南亞科挨罰! 春安勞檢祭停工5項、開罰55萬,a210510,: 改天就會遺傳的台塑尿性 直接燒廠房,→
https://www.ptt.cc/bbs/Stock/M.1770111457.A.004.html,[新聞] 南亞科挨罰! 春安勞檢祭停工5項、開罰55萬,howhow801122,: 好癢,推
https://www.ptt.cc/bbs/Stock/M.1770111457.A.004.html,[新聞] 南亞科挨罰! 春安勞檢祭停工5項、開罰55萬,yukaichen,: 停工五天又二月 會月減60%嗎,推
https://www.ptt.cc/bbs/Stock/M.1770111457.A.004.html,[新聞] 南亞科挨罰! 春安勞檢祭停工5項、開罰55萬,x58420,: 產能吃緊 噴,推
https://www.ptt.cc/bbs/Stock/M.1770111457.A.004.html,[新聞] 南亞科挨罰! 春安勞檢祭停工5項、開罰55萬,david3033,: 2月有過年 營收月減很正常吧,推
https://www.ptt.cc/bbs/Stock/M.1770111457.A.004.html,[新聞] 南亞科挨罰! 春安勞檢祭停工5項、開罰55萬,sss6515366,: 明天一根,推
https://www.ptt.cc/bbs/Stock/M.1770111457.A.004.html,[新聞] 南亞科挨罰! 春安勞檢祭停工5項、開罰55萬,bang71013,: 怎麼有一堆文盲,推
https://www.ptt.cc/bbs/Stock/M.1770111457.A.004.html,[新聞] 南亞科挨罰! 春安勞檢祭停工5項、開罰55萬,jumpballfan,: 二月天才28天 月減正常,推
https://www.ptt.cc/bbs/Stock/M.1770111457.A.004.html,[新聞] 南亞科挨罰! 春安勞檢祭停工5項、開罰55萬,westmoney,: 產能吃緊雪上加霜，噴爆！,推
https://www.ptt.cc/bbs/Stock/M.1770111457.A.004.html,[新聞] 南亞科挨罰! 春安勞檢祭停工5項、開罰55萬,assian,": 55萬,會不會太多了,影響EPS耶",推
https://www.ptt.cc/bbs/Stock/M.1770111457.A.004.html,[新聞] 南亞科挨罰! 春安勞檢祭停工5項、開罰55萬,a94037501,: 停工賺不到崩,推
https://www.ptt.cc/bbs/Stock/M.1770111457.A.004.html,[新聞] 南亞科挨罰! 春安勞檢祭停工5項、開罰55萬,a11011788,: 鬼故事 明天一根,推
https://www.ptt.cc/bbs/Stock/M.1770111457.A.004.html,[新聞] 南亞科挨罰! 春安勞檢祭停工5項、開罰55萬,yulin0619,: 噴,噓
https://www.ptt.cc/bbs/Stock/M.1770111457.A.004.html,[新聞] 南亞科挨罰! 春安勞檢祭停工5項、開罰55萬,heavensun,: 越罰越噴   明天來一根,→
https://www.ptt.cc/bbs/Stock/M.1770111457.A.004.html,[新聞] 南亞科挨罰! 春安勞檢祭停工5項、開罰55萬,on32,: 重罰55W 影響EPS 要小心喔,推
https://www.ptt.cc/bbs/Stock/M.1770104771.A.241.html,[新聞] 房仲倒閉潮年後爆發！王瑞祺轟政府「卡」,maimss,: 再繼續炒，活該…….,推
https://www.ptt.cc/bbs/Stock/M.1770104771.A.241.html,[新聞] 房仲倒閉潮年後爆發！王瑞祺轟政府「卡」,maimss,: 空屋率多高自己不曉得嗎,→
https://www.ptt.cc/bbs/Stock/M.1770104771.A.241.html,[新聞] 房仲倒閉潮年後爆發！王瑞祺轟政府「卡」,jagin,: 不要懷疑政府炒房的決心,推
https://www.ptt.cc/bbs/Stock/M.1770104771.A.241.html,[新聞] 房仲倒閉潮年後爆發！王瑞祺轟政府「卡」,m50205811,: 有ai了 經濟火車頭換人了,推
https://www.ptt.cc/bbs/Stock/M.1770104771.A.241.html,[新聞] 房仲倒閉潮年後爆發！王瑞祺轟政府「卡」,maxwell21,: 氣噴噴,→
https://www.ptt.cc/bbs/Stock/M.1770104771.A.241.html,[新聞] 房仲倒閉潮年後爆發！王瑞祺轟政府「卡」,KnightLee,: 旁邊還是一堆人買房,推
https://www.ptt.cc/bbs/Stock/M.1770104771.A.241.html,[新聞] 房仲倒閉潮年後爆發！王瑞祺轟政府「卡」,wiki67la,: 少子化，讓房仲去科技業，科技業噴！,推
https://www.ptt.cc/bbs/Stock/M.1770104771.A.241.html,[新聞] 房仲倒閉潮年後爆發！王瑞祺轟政府「卡」,zsp9081a,: 死了嗎,→
https://www.ptt.cc/bbs/Stock/M.1770104771.A.241.html,[新聞] 房仲倒閉潮年後爆發！王瑞祺轟政府「卡」,tony15899,: 房價沒跌多少 自己不爭氣拉不到業績怪我嘍,推
https://www.ptt.cc/bbs/Stock/M.1770104771.A.241.html,[新聞] 房仲倒閉潮年後爆發！王瑞祺轟政府「卡」,Catdatfat,: 台灣只要半導體就好 其他蛋雕,推
https://www.ptt.cc/bbs/Stock/M.1770104771.A.241.html,[新聞] 房仲倒閉潮年後爆發！王瑞祺轟政府「卡」,cgluck,: 這幾年賺得多了 沒事啦,推
https://www.ptt.cc/bbs/Stock/M.1770104771.A.241.html,[新聞] 房仲倒閉潮年後爆發！王瑞祺轟政府「卡」,zsp9081a,: 賣不出去是你們不夠認真,→
https://www.ptt.cc/bbs/Stock/M.1770104771.A.241.html,[新聞] 房仲倒閉潮年後爆發！王瑞祺轟政府「卡」,stanly3092,: 快活不下去啦！！嘻嘻,推
https://www.ptt.cc/bbs/Stock/M.1770104771.A.241.html,[新聞] 房仲倒閉潮年後爆發！王瑞祺轟政府「卡」,yellone741,: 繼續炒泡泡吹大一點到時候爆破起來才刺激,推
https://www.ptt.cc/bbs/Stock/M.1770104771.A.241.html,[新聞] 房仲倒閉潮年後爆發！王瑞祺轟政府「卡」,a79111010,: 有新火車頭 舊的蛋雕,→
https://www.ptt.cc/bbs/Stock/M.1770104771.A.241.html,[新聞] 房仲倒閉潮年後爆發！王瑞祺轟政府「卡」,leoyuan,: 台北好像沒收到什麼影響,推
https://www.ptt.cc/bbs/Stock/M.1770104771.A.241.html,[新聞] 房仲倒閉潮年後爆發！王瑞祺轟政府「卡」,jonywalker,: 到底是囤多少...這麼怕跌價,→
https://www.ptt.cc/bbs/Stock/M.1770104771.A.241.html,[新聞] 房仲倒閉潮年後爆發！王瑞祺轟政府「卡」,jinx55123,: 沒跌一根大的一堆人拋售之前也不會有人買 跟股票一,推
https://www.ptt.cc/bbs/Stock/M.1770104771.A.241.html,[新聞] 房仲倒閉潮年後爆發！王瑞祺轟政府「卡」,jinx55123,: 樣沒人想套在山頂,→
https://www.ptt.cc/bbs/Stock/M.1770104771.A.241.html,[新聞] 房仲倒閉潮年後爆發！王瑞祺轟政府「卡」,GodfatherJ,: 多生一點孩子 以後才有買房需求,推
https://www.ptt.cc/bbs/Stock/M.1770104771.A.241.html,[新聞] 房仲倒閉潮年後爆發！王瑞祺轟政府「卡」,heveninferno,: 房子拆一拆拿去蓋產線吧,推
https://www.ptt.cc/bbs/Stock/M.1770104771.A.241.html,[新聞] 房仲倒閉潮年後爆發！王瑞祺轟政府「卡」,sss6515366,: 之前賺得怎麼不講,噓
https://www.ptt.cc/bbs/Stock/M.1770104771.A.241.html,[新聞] 房仲倒閉潮年後爆發！王瑞祺轟政府「卡」,cactusjack,: 騙人，也是頒獎頒得嚇嚇叫，就怪自己不夠爭氣而已,→
https://www.ptt.cc/bbs/Stock/M.1770104771.A.241.html,[新聞] 房仲倒閉潮年後爆發！王瑞祺轟政府「卡」,pot1234,: 8888888,→
https://www.ptt.cc/bbs/Stock/M.1770104771.A.241.html,[新聞] 房仲倒閉潮年後爆發！王瑞祺轟政府「卡」,tttt0204,: 房蟲不要跌一點點就唉唉叫了好嗎,推
https://www.ptt.cc/bbs/Stock/M.1770104771.A.241.html,[新聞] 房仲倒閉潮年後爆發！王瑞祺轟政府「卡」,qaz2334438,: 開心耶，不用被吸血了,推
https://www.ptt.cc/bbs/Stock/M.1770104771.A.241.html,[新聞] 房仲倒閉潮年後爆發！王瑞祺轟政府「卡」,keltt,: 房價都漲幾倍了,噓
https://www.ptt.cc/bbs/Stock/M.1770104771.A.241.html,[新聞] 房仲倒閉潮年後爆發！王瑞祺轟政府「卡」,s609747,: 科技業很缺人 仲仲可以去輪班,推
https://www.ptt.cc/bbs/Stock/M.1770104771.A.241.html,[新聞] 房仲倒閉潮年後爆發！王瑞祺轟政府「卡」,cliff880528,: 房價根本也沒跌多少 怎麼不想想可能是自己的問題,推
https://www.ptt.cc/bbs/Stock/M.1770104771.A.241.html,[新聞] 房仲倒閉潮年後爆發！王瑞祺轟政府「卡」,shlee,: 靠炒房的經濟一點都不健康好嗎,→
https://www.ptt.cc/bbs/Stock/M.1770104771.A.241.html,[新聞] 房仲倒閉潮年後爆發！王瑞祺轟政府「卡」,toty1101,: 之前海賺怎不說,推
https://www.ptt.cc/bbs/Stock/M.1770104771.A.241.html,[新聞] 房仲倒閉潮年後爆發！王瑞祺轟政府「卡」,smallca,: 真的倒光光代表有在打房 沒倒就是假的,→
https://www.ptt.cc/bbs/Stock/M.1770104771.A.241.html,[新聞] 房仲倒閉潮年後爆發！王瑞祺轟政府「卡」,kirisame,: 早早去死,→
https://www.ptt.cc/bbs/Stock/M.1770104771.A.241.html,[新聞] 房仲倒閉潮年後爆發！王瑞祺轟政府「卡」,DALUGI,: 笑破內褲！開房仲很容易的 不然怎會雨後春筍的開,噓
https://www.ptt.cc/bbs/Stock/M.1770104771.A.241.html,[新聞] 房仲倒閉潮年後爆發！王瑞祺轟政府「卡」,ffxx,: 台北無感 照漲,→
https://www.ptt.cc/bbs/Stock/M.1770104771.A.241.html,[新聞] 房仲倒閉潮年後爆發！王瑞祺轟政府「卡」,benboman,: 會痛了後齁 爽辣,噓
https://www.ptt.cc/bbs/Stock/M.1770104771.A.241.html,[新聞] 房仲倒閉潮年後爆發！王瑞祺轟政府「卡」,AllenAline,: 太棒了!,推
https://www.ptt.cc/bbs/Stock/M.1770104771.A.241.html,[新聞] 房仲倒閉潮年後爆發！王瑞祺轟政府「卡」,a069275235,: 多殺點喔!,推
https://www.ptt.cc/bbs/Stock/M.1770104771.A.241.html,[新聞] 房仲倒閉潮年後爆發！王瑞祺轟政府「卡」,goodevening,: 房仲倒閉不是很好嗎 全部去產線輪班,推
https://www.ptt.cc/bbs/Stock/M.1770104771.A.241.html,[新聞] 房仲倒閉潮年後爆發！王瑞祺轟政府「卡」,ef88041811,: 拉不起來就別拉了 之前賺多少了 在那叫什麼,噓
https://www.ptt.cc/bbs/Stock/M.1770104771.A.241.html,[新聞] 房仲倒閉潮年後爆發！王瑞祺轟政府「卡」,XUPJPVUP,: 第一戶就算了，結果都在講多房，難怪整天唉唉叫,推
https://www.ptt.cc/bbs/Stock/M.1770104771.A.241.html,[新聞] 房仲倒閉潮年後爆發！王瑞祺轟政府「卡」,takeda3234,: 賺中間錢的真的太多了 房價高 這些人脫不了關係,推
https://www.ptt.cc/bbs/Stock/M.1770104771.A.241.html,[新聞] 房仲倒閉潮年後爆發！王瑞祺轟政府「卡」,ef88041811,: 脆上面還一堆嗆人的房仲 全部包包回去吃自己啦 爽,→
https://www.ptt.cc/bbs/Stock/M.1770104771.A.241.html,[新聞] 房仲倒閉潮年後爆發！王瑞祺轟政府「卡」,dkfs789,: 房價不能跌 要拚!,推
https://www.ptt.cc/bbs/Stock/M.1770104771.A.241.html,[新聞] 房仲倒閉潮年後爆發！王瑞祺轟政府「卡」,shlee,: 倒一倒才會對房市有正面影響,→
https://www.ptt.cc/bbs/Stock/M.1770104771.A.241.html,[新聞] 房仲倒閉潮年後爆發！王瑞祺轟政府「卡」,teremy,: 很多人在等爆炸的那一天喔XDD,推
https://www.ptt.cc/bbs/Stock/M.1770104771.A.241.html,[新聞] 房仲倒閉潮年後爆發！王瑞祺轟政府「卡」,azcooper,: 好耶,推
https://www.ptt.cc/bbs/Stock/M.1770104771.A.241.html,[新聞] 房仲倒閉潮年後爆發！王瑞祺轟政府「卡」,Xration,: 看成段祺瑞,推
https://www.ptt.cc/bbs/Stock/M.1770104771.A.241.html,[新聞] 房仲倒閉潮年後爆發！王瑞祺轟政府「卡」,jumilin927,: 急了,推
https://www.ptt.cc/bbs/Stock/M.1770104771.A.241.html,[新聞] 房仲倒閉潮年後爆發！王瑞祺轟政府「卡」,leftwalk,: 趕快爆,推
https://www.ptt.cc/bbs/Stock/M.1770104771.A.241.html,[新聞] 房仲倒閉潮年後爆發！王瑞祺轟政府「卡」,MiniShy,: 又沒跌多少 在哭什麼啦,推
https://www.ptt.cc/bbs/Stock/M.1770104771.A.241.html,[新聞] 房仲倒閉潮年後爆發！王瑞祺轟政府「卡」,momowawa1981,: 這種假gdp 有屁用啊,推
https://www.ptt.cc/bbs/Stock/M.1770104771.A.241.html,[新聞] 房仲倒閉潮年後爆發！王瑞祺轟政府「卡」,jinx55123,: 跌勢已經出來了 像之前開轟趴一樣的日子已經結束,→
https://www.ptt.cc/bbs/Stock/M.1770104771.A.241.html,[新聞] 房仲倒閉潮年後爆發！王瑞祺轟政府「卡」,jinx55123,:  散戶就是會探底 在爆漲回去時搶買,→
https://www.ptt.cc/bbs/Stock/M.1770104771.A.241.html,[新聞] 房仲倒閉潮年後爆發！王瑞祺轟政府「卡」,suzu1,: 像中國一樣 人人有房住不好嗎？,推
https://www.ptt.cc/bbs/Stock/M.1770104771.A.241.html,[新聞] 房仲倒閉潮年後爆發！王瑞祺轟政府「卡」,iamacid,: 自住房價下跌是有差唷?理由可以再想好一點嗎?,噓
https://www.ptt.cc/bbs/Stock/M.1770104771.A.241.html,[新聞] 房仲倒閉潮年後爆發！王瑞祺轟政府「卡」,win8719,: 放寬第二屋~不就又想炒,推
https://www.ptt.cc/bbs/Stock/M.1770104771.A.241.html,[新聞] 房仲倒閉潮年後爆發！王瑞祺轟政府「卡」,Iperfection,: 政府怎麼不在意火車頭了 不怕百業蕭條？,推
https://www.ptt.cc/bbs/Stock/M.1770104771.A.241.html,[新聞] 房仲倒閉潮年後爆發！王瑞祺轟政府「卡」,power7,: 太棒了 都漲幾年了,推
https://www.ptt.cc/bbs/Stock/M.1770104771.A.241.html,[新聞] 房仲倒閉潮年後爆發！王瑞祺轟政府「卡」,u9596g12,: 炒三小房 全民炒股才是共識,推
https://www.ptt.cc/bbs/Stock/M.1770104771.A.241.html,[新聞] 房仲倒閉潮年後爆發！王瑞祺轟政府「卡」,momowawa1981,: 不如房價再乘以100倍 台灣變成全世界最富裕的國家,→
https://www.ptt.cc/bbs/Stock/M.1770104771.A.241.html,[新聞] 房仲倒閉潮年後爆發！王瑞祺轟政府「卡」,zzzzzlss,: 慢走不送,→
https://www.ptt.cc/bbs/Stock/M.1770104771.A.241.html,[新聞] 房仲倒閉潮年後爆發！王瑞祺轟政府「卡」,carbooming,: 關多一點 服務業很缺人,推
https://www.ptt.cc/bbs/Stock/M.1770104771.A.241.html,[新聞] 房仲倒閉潮年後爆發！王瑞祺轟政府「卡」,Gundam77,: 去年就收一堆了，這新聞太慢了,→
https://www.ptt.cc/bbs/Stock/M.1770104771.A.241.html,[新聞] 房仲倒閉潮年後爆發！王瑞祺轟政府「卡」,ko74652,: 前幾年賺這麼爽怎沒出來哭,推
https://www.ptt.cc/bbs/Stock/M.1770104771.A.241.html,[新聞] 房仲倒閉潮年後爆發！王瑞祺轟政府「卡」,MOMO0478,: 每一間都這麼貴 前年賺一年 可以躺十年了,推
https://www.ptt.cc/bbs/Stock/M.1770104771.A.241.html,[新聞] 房仲倒閉潮年後爆發！王瑞祺轟政府「卡」,sasewill,: 賣不掉不會降價嗎嘻嘻,推
https://www.ptt.cc/bbs/Stock/M.1770104771.A.241.html,[新聞] 房仲倒閉潮年後爆發！王瑞祺轟政府「卡」,fallinlove15,: 無所謂阿 反正買不起,→
https://www.ptt.cc/bbs/Stock/M.1770104771.A.241.html,[新聞] 房仲倒閉潮年後爆發！王瑞祺轟政府「卡」,woker,: 房價沒跌啊,推
https://www.ptt.cc/bbs/Stock/M.1770104771.A.241.html,[新聞] 房仲倒閉潮年後爆發！王瑞祺轟政府「卡」,BruceChen227,: Cc,推
https://www.ptt.cc/bbs/Stock/M.1770104771.A.241.html,[新聞] 房仲倒閉潮年後爆發！王瑞祺轟政府「卡」,zagato,: 再等等先別死，等我GG賺夠了就去救,噓
https://www.ptt.cc/bbs/Stock/M.1770104771.A.241.html,[新聞] 房仲倒閉潮年後爆發！王瑞祺轟政府「卡」,keigo800004,: 無感，全台房價有降嗎？,噓
https://www.ptt.cc/bbs/Stock/M.1770104771.A.241.html,[新聞] 房仲倒閉潮年後爆發！王瑞祺轟政府「卡」,azcooper,: 台幣漲到13就可以買下曼哈頓了,推
https://www.ptt.cc/bbs/Stock/M.1770104771.A.241.html,[新聞] 房仲倒閉潮年後爆發！王瑞祺轟政府「卡」,qqq12380,: 炒房大媽 錢都進股市了 韭菜下去,噓
https://www.ptt.cc/bbs/Stock/M.1770104771.A.241.html,[新聞] 房仲倒閉潮年後爆發！王瑞祺轟政府「卡」,mecca,: 全部去雞雞輪班喇QQ,推
https://www.ptt.cc/bbs/Stock/M.1770104771.A.241.html,[新聞] 房仲倒閉潮年後爆發！王瑞祺轟政府「卡」,dai3345678,: 加價賣,推
https://www.ptt.cc/bbs/Stock/M.1770104771.A.241.html,[新聞] 房仲倒閉潮年後爆發！王瑞祺轟政府「卡」,olp123,": 自住,房價跌沒什麼差",推
https://www.ptt.cc/bbs/Stock/M.1770104771.A.241.html,[新聞] 房仲倒閉潮年後爆發！王瑞祺轟政府「卡」,Gundam77,: 炒房只爽到少數人，炒股至少受益人多一點點,→
https://www.ptt.cc/bbs/Stock/M.1770104771.A.241.html,[新聞] 房仲倒閉潮年後爆發！王瑞祺轟政府「卡」,woker,: 現在的年輕人 家裡都準備好了 時代不同了,→
https://www.ptt.cc/bbs/Stock/M.1770104771.A.241.html,[新聞] 房仲倒閉潮年後爆發！王瑞祺轟政府「卡」,FatFatQQ,: 新鮮的勞動力 不用外勞了,→
https://www.ptt.cc/bbs/Stock/M.1770104771.A.241.html,[新聞] 房仲倒閉潮年後爆發！王瑞祺轟政府「卡」,sanxiao,: 爽 房蟲死好,推
https://www.ptt.cc/bbs/Stock/M.1770104771.A.241.html,[新聞] 房仲倒閉潮年後爆發！王瑞祺轟政府「卡」,leo255112,: 爽啊，房蟲囂張十年了，所謂十年河東十年河西,→
https://www.ptt.cc/bbs/Stock/M.1770104771.A.241.html,[新聞] 房仲倒閉潮年後爆發！王瑞祺轟政府「卡」,Gundam77,: 再說....炒房轉炒股比反向容易多了。,→
https://www.ptt.cc/bbs/Stock/M.1770104771.A.241.html,[新聞] 房仲倒閉潮年後爆發！王瑞祺轟政府「卡」,woker,: 台灣經濟很好啊 沒看黃爸跟供應鏈談話,→
https://www.ptt.cc/bbs/Stock/M.1770104771.A.241.html,[新聞] 房仲倒閉潮年後爆發！王瑞祺轟政府「卡」,heveninferno,: 去年GDP+8.63%捏。現在基本盤是AI 相關,推
https://www.ptt.cc/bbs/Stock/M.1770104771.A.241.html,[新聞] 房仲倒閉潮年後爆發！王瑞祺轟政府「卡」,sansiaman,: 少子化元兇/幫兇講話真嗆,推
https://www.ptt.cc/bbs/Stock/M.1770104771.A.241.html,[新聞] 房仲倒閉潮年後爆發！王瑞祺轟政府「卡」,w1222067,: 跳了嗎  還沒有跳  急什麼,→
https://www.ptt.cc/bbs/Stock/M.1770104771.A.241.html,[新聞] 房仲倒閉潮年後爆發！王瑞祺轟政府「卡」,jimm900,: 經濟基本盤換行了,推
https://www.ptt.cc/bbs/Stock/M.1770104771.A.241.html,[新聞] 房仲倒閉潮年後爆發！王瑞祺轟政府「卡」,flash789,: 炒房就大方承認 三小健康換屋鏈,噓
https://www.ptt.cc/bbs/Stock/M.1770104771.A.241.html,[新聞] 房仲倒閉潮年後爆發！王瑞祺轟政府「卡」,sansiaman,: 倒七成對社會才有幫助,→
https://www.ptt.cc/bbs/Stock/M.1770104771.A.241.html,[新聞] 房仲倒閉潮年後爆發！王瑞祺轟政府「卡」,w1222067,: 空屋 這麼多 越來越小間  越來越貴  沒意思吧,→
https://www.ptt.cc/bbs/Stock/M.1770104771.A.241.html,[新聞] 房仲倒閉潮年後爆發！王瑞祺轟政府「卡」,rommel046,: 房仲的門拉下來，百業的門拉起來,噓
https://www.ptt.cc/bbs/Stock/M.1770104771.A.241.html,[新聞] 房仲倒閉潮年後爆發！王瑞祺轟政府「卡」,woker,: 放心蒸發部分ai產業供應鏈會幫你賺回,→
https://www.ptt.cc/bbs/Stock/M.1770104771.A.241.html,[新聞] 房仲倒閉潮年後爆發！王瑞祺轟政府「卡」,luche,: 鐵門拉不起來是沒出力,→
https://www.ptt.cc/bbs/Stock/M.1770104771.A.241.html,[新聞] 房仲倒閉潮年後爆發！王瑞祺轟政府「卡」,s77329,: 房仲自己要努力啊，不要讓政府公親變事主，新青安這,推
https://www.ptt.cc/bbs/Stock/M.1770104771.A.241.html,[新聞] 房仲倒閉潮年後爆發！王瑞祺轟政府「卡」,s77329,: 個大絕招都放了，還賣不出去要怪自己啊,→
https://www.ptt.cc/bbs/Stock/M.1770104771.A.241.html,[新聞] 房仲倒閉潮年後爆發！王瑞祺轟政府「卡」,w1222067,: 費力 就上點油,→
https://www.ptt.cc/bbs/Stock/M.1770104771.A.241.html,[新聞] 房仲倒閉潮年後爆發！王瑞祺轟政府「卡」,io283435,: 房價漲了一倍 跌了一成就在那邊哀哀叫??????,噓
https://www.ptt.cc/bbs/Stock/M.1770104771.A.241.html,[新聞] 房仲倒閉潮年後爆發！王瑞祺轟政府「卡」,CYL009,: 跳樓再說 小跌而已,→
https://www.ptt.cc/bbs/Stock/M.1770104771.A.241.html,[新聞] 房仲倒閉潮年後爆發！王瑞祺轟政府「卡」,howardH,: 沒有賣不掉的房子只有賣不掉的價格 加價賣就好了,噓
https://www.ptt.cc/bbs/Stock/M.1770104771.A.241.html,[新聞] 房仲倒閉潮年後爆發！王瑞祺轟政府「卡」,LM77,: 通通去跑外送,推
https://www.ptt.cc/bbs/Stock/M.1770104771.A.241.html,[新聞] 房仲倒閉潮年後爆發！王瑞祺轟政府「卡」,anigu0114,: 前年就在喊倒閉潮了，怎麼現在還在喊,推
https://www.ptt.cc/bbs/Stock/M.1770104771.A.241.html,[新聞] 房仲倒閉潮年後爆發！王瑞祺轟政府「卡」,woker,: 問題是我看房仲店根本繼續開 還雙店面很有錢 這篇,→
https://www.ptt.cc/bbs/Stock/M.1770104771.A.241.html,[新聞] 房仲倒閉潮年後爆發！王瑞祺轟政府「卡」,a034601481,: 滾啦 死好愛炒房 誰要買自己買,噓
https://www.ptt.cc/bbs/Stock/M.1770104771.A.241.html,[新聞] 房仲倒閉潮年後爆發！王瑞祺轟政府「卡」,woker,: 文是騙人的吧,→
https://www.ptt.cc/bbs/Stock/M.1770104771.A.241.html,[新聞] 房仲倒閉潮年後爆發！王瑞祺轟政府「卡」,gamixxxx,: 唬爛,推
https://www.ptt.cc/bbs/Stock/M.1770104771.A.241.html,[新聞] 房仲倒閉潮年後爆發！王瑞祺轟政府「卡」,k255033,: 又還沒崩盤只是盤整而已擔心什麼,→
https://www.ptt.cc/bbs/Stock/M.1770104771.A.241.html,[新聞] 房仲倒閉潮年後爆發！王瑞祺轟政府「卡」,snobbish,: 有很慘嗎？,推
https://www.ptt.cc/bbs/Stock/M.1770104771.A.241.html,[新聞] 房仲倒閉潮年後爆發！王瑞祺轟政府「卡」,TCSSH,: 很好阿，其他地方缺工，房仲對社會生產力幫助不是很,推
https://www.ptt.cc/bbs/Stock/M.1770104771.A.241.html,[新聞] 房仲倒閉潮年後爆發！王瑞祺轟政府「卡」,TCSSH,: 大,→
https://www.ptt.cc/bbs/Stock/M.1770104771.A.241.html,[新聞] 房仲倒閉潮年後爆發！王瑞祺轟政府「卡」,lanevo9,: 現在是已經年後了嗎，什麼情勒標題，越看越不同情,推
https://www.ptt.cc/bbs/Stock/M.1770104771.A.241.html,[新聞] 房仲倒閉潮年後爆發！王瑞祺轟政府「卡」,lanevo9,: 炒房仔,→
https://www.ptt.cc/bbs/Stock/M.1770104771.A.241.html,[新聞] 房仲倒閉潮年後爆發！王瑞祺轟政府「卡」,LA24,: 好喔,推
https://www.ptt.cc/bbs/Stock/M.1770104771.A.241.html,[新聞] 房仲倒閉潮年後爆發！王瑞祺轟政府「卡」,wolver,": 200萬房子,鬼島40年後再賣,房子隨便都賣破千萬才是",推
https://www.ptt.cc/bbs/Stock/M.1770104771.A.241.html,[新聞] 房仲倒閉潮年後爆發！王瑞祺轟政府「卡」,wolver,: 問題,→
https://www.ptt.cc/bbs/Stock/M.1770104771.A.241.html,[新聞] 房仲倒閉潮年後爆發！王瑞祺轟政府「卡」,NTUKarbe,: 所以頂樓芳文跳了嗎,推
https://www.ptt.cc/bbs/Stock/M.1770104771.A.241.html,[新聞] 房仲倒閉潮年後爆發！王瑞祺轟政府「卡」,dslite,: 賺多少間豪宅了？,噓
https://www.ptt.cc/bbs/Stock/M.1770104771.A.241.html,[新聞] 房仲倒閉潮年後爆發！王瑞祺轟政府「卡」,thereafter,: 昨天的新聞：房市買氣谷底反彈 四大房仲1月開紅盤,推
https://www.ptt.cc/bbs/Stock/M.1770104771.A.241.html,[新聞] 房仲倒閉潮年後爆發！王瑞祺轟政府「卡」,homerunball,: 溫馨 7414,推
https://www.ptt.cc/bbs/Stock/M.1770104771.A.241.html,[新聞] 房仲倒閉潮年後爆發！王瑞祺轟政府「卡」,smallblue,: 黑心房仲趕緊轉職吧,噓
https://www.ptt.cc/bbs/Stock/M.1770104771.A.241.html,[新聞] 房仲倒閉潮年後爆發！王瑞祺轟政府「卡」,zxcv9949,: 鐵門拉不起來就關著很難？,→
https://www.ptt.cc/bbs/Stock/M.1770104771.A.241.html,[新聞] 房仲倒閉潮年後爆發！王瑞祺轟政府「卡」,ck326,: 房仲開的跟超商一樣，倒一些剛好而已,噓
https://www.ptt.cc/bbs/Stock/M.1770104771.A.241.html,[新聞] 房仲倒閉潮年後爆發！王瑞祺轟政府「卡」,berryc,: 房仲關門跟價格關係不大吧…政府限貸是讓買價下跌,推
https://www.ptt.cc/bbs/Stock/M.1770104771.A.241.html,[新聞] 房仲倒閉潮年後爆發！王瑞祺轟政府「卡」,berryc,: 、但賣方不拋售（持有成本低），結果只是降低交易,→
https://www.ptt.cc/bbs/Stock/M.1770104771.A.241.html,[新聞] 房仲倒閉潮年後爆發！王瑞祺轟政府「卡」,berryc,: 量。,→
https://www.ptt.cc/bbs/Stock/M.1770104771.A.241.html,[新聞] 房仲倒閉潮年後爆發！王瑞祺轟政府「卡」,GYGY5566,: 笑死，當初多囂張,推
https://www.ptt.cc/bbs/Stock/M.1770104771.A.241.html,[新聞] 房仲倒閉潮年後爆發！王瑞祺轟政府「卡」,xabcxabc0123,: 噁心防蟲,噓
https://www.ptt.cc/bbs/Stock/M.1770104771.A.241.html,[新聞] 房仲倒閉潮年後爆發！王瑞祺轟政府「卡」,gagatoma,: 房價都沒跌吧？,噓
https://www.ptt.cc/bbs/Stock/M.1770104771.A.241.html,[新聞] 房仲倒閉潮年後爆發！王瑞祺轟政府「卡」,dbdudsorj,: 你賺翻的時候那什麼嘴臉要不要討論一下？？,噓
https://www.ptt.cc/bbs/Stock/M.1770104771.A.241.html,[新聞] 房仲倒閉潮年後爆發！王瑞祺轟政府「卡」,x58420,: 根本沒倒幾家,推
https://www.ptt.cc/bbs/Stock/M.1770104771.A.241.html,[新聞] 房仲倒閉潮年後爆發！王瑞祺轟政府「卡」,pov,: 還沒倒喔,推
https://www.ptt.cc/bbs/Stock/M.1770104771.A.241.html,[新聞] 房仲倒閉潮年後爆發！王瑞祺轟政府「卡」,how30013,: 低點到了？,推
https://www.ptt.cc/bbs/Stock/M.1770104771.A.241.html,[新聞] 房仲倒閉潮年後爆發！王瑞祺轟政府「卡」,jinx55123,: 炒房投資客都還沒吃到第一根長棒 第一根出來後才會,→
https://www.ptt.cc/bbs/Stock/M.1770104771.A.241.html,[新聞] 房仲倒閉潮年後爆發！王瑞祺轟政府「卡」,jinx55123,: 有人開始買 在那之前量會越來越少 全部人都在觀望,→
https://www.ptt.cc/bbs/Stock/M.1770104771.A.241.html,[新聞] 房仲倒閉潮年後爆發！王瑞祺轟政府「卡」,kerokun,: 房價漲一成，我的資產有漲一成嗎,→
https://www.ptt.cc/bbs/Stock/M.1770104771.A.241.html,[新聞] 房仲倒閉潮年後爆發！王瑞祺轟政府「卡」,ZZZ99770,: 倒一倒爽死,推
https://www.ptt.cc/bbs/Stock/M.1770104771.A.241.html,[新聞] 房仲倒閉潮年後爆發！王瑞祺轟政府「卡」,gn01283786,: 根本沒倒多少 房蟲還是一堆,噓
https://www.ptt.cc/bbs/Stock/M.1770104771.A.241.html,[新聞] 房仲倒閉潮年後爆發！王瑞祺轟政府「卡」,kelon,: 現在北部兩房就2000 是真的買不起了吧 卡啥,→
https://www.ptt.cc/bbs/Stock/M.1770104771.A.241.html,[新聞] 房仲倒閉潮年後爆發！王瑞祺轟政府「卡」,super781212,: 水。房蟲都去死,→
https://www.ptt.cc/bbs/Stock/M.1770104771.A.241.html,[新聞] 房仲倒閉潮年後爆發！王瑞祺轟政府「卡」,bnmm,: 房仲對社會有什麼貢獻? 倒光光最好,推
https://www.ptt.cc/bbs/Stock/M.1770104771.A.241.html,[新聞] 房仲倒閉潮年後爆發！王瑞祺轟政府「卡」,sean5236921,: 誰屌你們？？ 錢都拿來放股市 對國家才是真發展；放,推
https://www.ptt.cc/bbs/Stock/M.1770104771.A.241.html,[新聞] 房仲倒閉潮年後爆發！王瑞祺轟政府「卡」,sean5236921,: 房產只會阻礙國家發展,→
https://www.ptt.cc/bbs/Stock/M.1770104771.A.241.html,[新聞] 房仲倒閉潮年後爆發！王瑞祺轟政府「卡」,s7133jeremy,: 爽啦 全民炒股啦誰在跟你炒房,→
https://www.ptt.cc/bbs/Stock/M.1770104771.A.241.html,[新聞] 房仲倒閉潮年後爆發！王瑞祺轟政府「卡」,dzzdzx,: 不會削價競爭嗎？怪政府？,推
https://www.ptt.cc/bbs/Stock/M.1770104771.A.241.html,[新聞] 房仲倒閉潮年後爆發！王瑞祺轟政府「卡」,fUXKEGG,: 轟乾比較快，黃金白銀炒這麼高跌下來有人在轟嗎？,→
https://www.ptt.cc/bbs/Stock/M.1770104771.A.241.html,[新聞] 房仲倒閉潮年後爆發！王瑞祺轟政府「卡」,fUXKEGG,: 自己套牢怪誰,→
https://www.ptt.cc/bbs/Stock/M.1770104771.A.241.html,[新聞] 房仲倒閉潮年後爆發！王瑞祺轟政府「卡」,woker,": 剛查到一月年增交易25%,房仲爆賺吧",推
https://www.ptt.cc/bbs/Stock/M.1770104771.A.241.html,[新聞] 房仲倒閉潮年後爆發！王瑞祺轟政府「卡」,kalapon,: 執政黨如果是上醫，還會叫鬼島嗎,推
https://www.ptt.cc/bbs/Stock/M.1770104771.A.241.html,[新聞] 房仲倒閉潮年後爆發！王瑞祺轟政府「卡」,peace1way,: who car？,→
https://www.ptt.cc/bbs/Stock/M.1770104771.A.241.html,[新聞] 房仲倒閉潮年後爆發！王瑞祺轟政府「卡」,a94037501,: 房仲不就免洗業務有需要馬上開的出來,推
https://www.ptt.cc/bbs/Stock/M.1770104771.A.241.html,[新聞] 房仲倒閉潮年後爆發！王瑞祺轟政府「卡」,sanos168,: 主要是少子化，人口負成長，房子沒人接盤,噓
https://www.ptt.cc/bbs/Stock/M.1770104771.A.241.html,[新聞] 房仲倒閉潮年後爆發！王瑞祺轟政府「卡」,kevincute,: 降價賣不會？,噓
https://www.ptt.cc/bbs/Stock/M.1770104771.A.241.html,[新聞] 房仲倒閉潮年後爆發！王瑞祺轟政府「卡」,bearq258,: 手續費抽太多，拉高房價行情,→
https://www.ptt.cc/bbs/Stock/M.1770104771.A.241.html,[新聞] 房仲倒閉潮年後爆發！王瑞祺轟政府「卡」,yomo2,: 唬爛。演幾次了 不就馬上開 設備就電腦跟裝潢 是有,噓
https://www.ptt.cc/bbs/Stock/M.1770104771.A.241.html,[新聞] 房仲倒閉潮年後爆發！王瑞祺轟政府「卡」,yomo2,: 多難,→
https://www.ptt.cc/bbs/Stock/M.1770104771.A.241.html,[新聞] 房仲倒閉潮年後爆發！王瑞祺轟政府「卡」,kidd085,: 太棒了,推
https://www.ptt.cc/bbs/Stock/M.1770104771.A.241.html,[新聞] 房仲倒閉潮年後爆發！王瑞祺轟政府「卡」,jean9898,: 不炒房會死嗎,→
https://www.ptt.cc/bbs/Stock/M.1770104771.A.241.html,[新聞] 房仲倒閉潮年後爆發！王瑞祺轟政府「卡」,event8114,: 活該～,推
https://www.ptt.cc/bbs/Stock/M.1770104771.A.241.html,[新聞] 房仲倒閉潮年後爆發！王瑞祺轟政府「卡」,pandagod,: 房屋本來就不該是投資標的，修正而已就一堆人在哭爹,噓
https://www.ptt.cc/bbs/Stock/M.1770104771.A.241.html,[新聞] 房仲倒閉潮年後爆發！王瑞祺轟政府「卡」,SORAChung,: 就關啊幹,噓
https://www.ptt.cc/bbs/Stock/M.1770104771.A.241.html,[新聞] 房仲倒閉潮年後爆發！王瑞祺轟政府「卡」,NTUT56,: 賣4買2太高了   有害成交量  也害房價堆高   吸血蟲,推
https://www.ptt.cc/bbs/Stock/M.1770104771.A.241.html,[新聞] 房仲倒閉潮年後爆發！王瑞祺轟政府「卡」,NTUT56,: 7414,→
https://www.ptt.cc/bbs/Stock/M.1770104771.A.241.html,[新聞] 房仲倒閉潮年後爆發！王瑞祺轟政府「卡」,leo255112,: 自住根本沒差，是你一堆開槓桿的找不到人接，價值,→
https://www.ptt.cc/bbs/Stock/M.1770104771.A.241.html,[新聞] 房仲倒閉潮年後爆發！王瑞祺轟政府「卡」,leo255112,: 一直掉，越恐慌賣壓越重，現在恐怕還不是最重的時,→
https://www.ptt.cc/bbs/Stock/M.1770104771.A.241.html,[新聞] 房仲倒閉潮年後爆發！王瑞祺轟政府「卡」,leo255112,: 候,→
https://www.ptt.cc/bbs/Stock/M.1770104771.A.241.html,[新聞] 房仲倒閉潮年後爆發！王瑞祺轟政府「卡」,jenchieh5,: 什麼全民 別來蹭,→
https://www.ptt.cc/bbs/Stock/M.1770104771.A.241.html,[新聞] 房仲倒閉潮年後爆發！王瑞祺轟政府「卡」,shellback,: 倒越多越健康 房仲宛如便利商店 笑死,→
https://www.ptt.cc/bbs/Stock/M.1770104771.A.241.html,[新聞] 房仲倒閉潮年後爆發！王瑞祺轟政府「卡」,huk40199,: 實登洗很爽失業換誰洗不要啦,推
https://www.ptt.cc/bbs/Stock/M.1770104771.A.241.html,[新聞] 房仲倒閉潮年後爆發！王瑞祺轟政府「卡」,donna8426,: 太棒了,→
https://www.ptt.cc/bbs/Stock/M.1770104771.A.241.html,[新聞] 房仲倒閉潮年後爆發！王瑞祺轟政府「卡」,cllinn,: 太好了 炒房垃圾下地獄去吧,噓
https://www.ptt.cc/bbs/Stock/M.1770104771.A.241.html,[新聞] 房仲倒閉潮年後爆發！王瑞祺轟政府「卡」,hotdogmc,: 沒差 繼續炒 新青安2.0,推
https://www.ptt.cc/bbs/Stock/M.1770104771.A.241.html,[新聞] 房仲倒閉潮年後爆發！王瑞祺轟政府「卡」,Nick0907,: 叫甚麼 降價絕對有人買啦,→
https://www.ptt.cc/bbs/Stock/M.1770104771.A.241.html,[新聞] 房仲倒閉潮年後爆發！王瑞祺轟政府「卡」,menghuan,: 講什麼鬼話，倒一倒,推
https://www.ptt.cc/bbs/Stock/M.1770104771.A.241.html,[新聞] 房仲倒閉潮年後爆發！王瑞祺轟政府「卡」,jim272272,: 你在靠邀代表政府有做到正確的事,→
https://www.ptt.cc/bbs/Stock/M.1770104771.A.241.html,[新聞] 房仲倒閉潮年後爆發！王瑞祺轟政府「卡」,asd15723,: 五年漲一倍 跌個10%就在叫叫叫 操你媽,推
https://www.ptt.cc/bbs/Stock/M.1770104771.A.241.html,[新聞] 房仲倒閉潮年後爆發！王瑞祺轟政府「卡」,runedcross,: 人家都發財了啊,推
https://www.ptt.cc/bbs/Stock/M.1770104771.A.241.html,[新聞] 房仲倒閉潮年後爆發！王瑞祺轟政府「卡」,zxc89003,: 炒房還不如炒股,→
https://www.ptt.cc/bbs/Stock/M.1770104771.A.241.html,[新聞] 房仲倒閉潮年後爆發！王瑞祺轟政府「卡」,richaelchen,: 北七 漲上去 人民財富也沒有增加 都到你們口袋,推
https://www.ptt.cc/bbs/Stock/M.1770104771.A.241.html,[新聞] 房仲倒閉潮年後爆發！王瑞祺轟政府「卡」,mtm,: 十萬房仲十萬肝  產線輪班救台灣,推
https://www.ptt.cc/bbs/Stock/M.1770104771.A.241.html,[新聞] 房仲倒閉潮年後爆發！王瑞祺轟政府「卡」,kmshy,: 一天一信義！！,→
https://www.ptt.cc/bbs/Stock/M.1770104771.A.241.html,[新聞] 房仲倒閉潮年後爆發！王瑞祺轟政府「卡」,George728,: 關我屁事,推
https://www.ptt.cc/bbs/Stock/M.1770104771.A.241.html,[新聞] 房仲倒閉潮年後爆發！王瑞祺轟政府「卡」,qweertyui891,: 就買不起啊,推
https://www.ptt.cc/bbs/Stock/M.1770104771.A.241.html,[新聞] 房仲倒閉潮年後爆發！王瑞祺轟政府「卡」,George728,: 去電子業輪班啊,→
https://www.ptt.cc/bbs/Stock/M.1770104771.A.241.html,[新聞] 房仲倒閉潮年後爆發！王瑞祺轟政府「卡」,eelse,": 死一半再說吧, 炒房都是垃圾",推
https://www.ptt.cc/bbs/Stock/M.1770104771.A.241.html,[新聞] 房仲倒閉潮年後爆發！王瑞祺轟政府「卡」,labelabe,: 沒生產的東西趕快倒一倒,噓
https://www.ptt.cc/bbs/Stock/M.1770104771.A.241.html,[新聞] 房仲倒閉潮年後爆發！王瑞祺轟政府「卡」,wind93,: 關了最好 省得繼續炒房,推
https://www.ptt.cc/bbs/Stock/M.1770104771.A.241.html,[新聞] 房仲倒閉潮年後爆發！王瑞祺轟政府「卡」,wind93,: 價格哄抬房仲就是決定性因素,→
https://www.ptt.cc/bbs/Stock/M.1770104771.A.241.html,[新聞] 房仲倒閉潮年後爆發！王瑞祺轟政府「卡」,ppmaker,: 死好,噓
https://www.ptt.cc/bbs/Stock/M.1770104771.A.241.html,[新聞] 房仲倒閉潮年後爆發！王瑞祺轟政府「卡」,seanqqq,: 房蟲7414,噓
https://www.ptt.cc/bbs/Stock/M.1770104771.A.241.html,[新聞] 房仲倒閉潮年後爆發！王瑞祺轟政府「卡」,ppmaker,: 對國家沒有生產力的咖洨,→
https://www.ptt.cc/bbs/Stock/M.1770104771.A.241.html,[新聞] 房仲倒閉潮年後爆發！王瑞祺轟政府「卡」,Brioni,: 房仲開得跟超商一樣多才奇怪,推
https://www.ptt.cc/bbs/Stock/M.1770104771.A.241.html,[新聞] 房仲倒閉潮年後爆發！王瑞祺轟政府「卡」,wscjoe,: 媽的 跟其他國比較就知道台灣房價多變態了 救你妹,噓
https://www.ptt.cc/bbs/Stock/M.1770104771.A.241.html,[新聞] 房仲倒閉潮年後爆發！王瑞祺轟政府「卡」,wscjoe,: 啦,→
https://www.ptt.cc/bbs/Stock/M.1770104771.A.241.html,[新聞] 房仲倒閉潮年後爆發！王瑞祺轟政府「卡」,macair,: 戶口數大於建案數，房子永遠蓋不夠怎麼跌？,推
https://www.ptt.cc/bbs/Stock/M.1770104771.A.241.html,[新聞] 房仲倒閉潮年後爆發！王瑞祺轟政府「卡」,f204137,: 是喔 板橋新成屋70萬了 寒冬...?,推
https://www.ptt.cc/bbs/Stock/M.1770104771.A.241.html,[新聞] 房仲倒閉潮年後爆發！王瑞祺轟政府「卡」,lusifa2007,: 需求被提前滿足了啊,推
https://www.ptt.cc/bbs/Stock/M.1770104771.A.241.html,[新聞] 房仲倒閉潮年後爆發！王瑞祺轟政府「卡」,f721001,: 房價太高,噓
https://www.ptt.cc/bbs/Stock/M.1770104771.A.241.html,[新聞] 房仲倒閉潮年後爆發！王瑞祺轟政府「卡」,Monetelliz,: 小漲100% 大跌1%,推
https://www.ptt.cc/bbs/Stock/M.1770104771.A.241.html,[新聞] 房仲倒閉潮年後爆發！王瑞祺轟政府「卡」,DasonoMaso,: 森七七,推
https://www.ptt.cc/bbs/Stock/M.1770104771.A.241.html,[新聞] 房仲倒閉潮年後爆發！王瑞祺轟政府「卡」,MP357,: 讚啦！嘻嘻,噓
https://www.ptt.cc/bbs/Stock/M.1770104771.A.241.html,[新聞] 房仲倒閉潮年後爆發！王瑞祺轟政府「卡」,a76126,: 關我屁事 服務費有分我嗎,推
https://www.ptt.cc/bbs/Stock/M.1770104771.A.241.html,[新聞] 房仲倒閉潮年後爆發！王瑞祺轟政府「卡」,qwerapple,: 認真嗎？聽起來不錯阿 失業的都去GG輪不好嗎,→
https://www.ptt.cc/bbs/Stock/M.1770104771.A.241.html,[新聞] 房仲倒閉潮年後爆發！王瑞祺轟政府「卡」,molopo,: 房價高 貸款難 拍拍,推
https://www.ptt.cc/bbs/Stock/M.1770104771.A.241.html,[新聞] 房仲倒閉潮年後爆發！王瑞祺轟政府「卡」,yannwei,: 這種假GDP到底想幹嘛？,推
https://www.ptt.cc/bbs/Stock/M.1770104771.A.241.html,[新聞] 房仲倒閉潮年後爆發！王瑞祺轟政府「卡」,firingmoon,: 太棒了,推
https://www.ptt.cc/bbs/Stock/M.1770104771.A.241.html,[新聞] 房仲倒閉潮年後爆發！王瑞祺轟政府「卡」,yishiun,: 產業？是產什麼,噓
https://www.ptt.cc/bbs/Stock/M.1770104771.A.241.html,[新聞] 房仲倒閉潮年後爆發！王瑞祺轟政府「卡」,timmy878787,: 漲100%都是應該 跌10%就唉唉叫,噓
https://www.ptt.cc/bbs/Stock/M.1770104771.A.241.html,[新聞] 房仲倒閉潮年後爆發！王瑞祺轟政府「卡」,YYYero,: 韋帆是不是剛買,推
https://www.ptt.cc/bbs/Stock/M.1770104771.A.241.html,[新聞] 房仲倒閉潮年後爆發！王瑞祺轟政府「卡」,tdyer,: 鱷魚眼淚,→
https://www.ptt.cc/bbs/Stock/M.1770104771.A.241.html,[新聞] 房仲倒閉潮年後爆發！王瑞祺轟政府「卡」,Youchang5566,: 賺的時候都不會叫,推
https://www.ptt.cc/bbs/Stock/M.1770104771.A.241.html,[新聞] 房仲倒閉潮年後爆發！王瑞祺轟政府「卡」,Youchang5566,: 還能出國勒 怎麼都不叫阿,→
https://www.ptt.cc/bbs/Stock/M.1770104771.A.241.html,[新聞] 房仲倒閉潮年後爆發！王瑞祺轟政府「卡」,Youchang5566,: 沒競爭力的倒一倒拉,→
https://www.ptt.cc/bbs/Stock/M.1770104771.A.241.html,[新聞] 房仲倒閉潮年後爆發！王瑞祺轟政府「卡」,q30805q,: 房仲不就是把房價堆高的原兇之一嗎,推
https://www.ptt.cc/bbs/Stock/M.1770104771.A.241.html,[新聞] 房仲倒閉潮年後爆發！王瑞祺轟政府「卡」,skuderic,: 房價根本沒跌多少 在那邊……,推
https://www.ptt.cc/bbs/Stock/M.1770104771.A.241.html,[新聞] 房仲倒閉潮年後爆發！王瑞祺轟政府「卡」,ake1234,: 爽拉，炒房幫兇,噓
https://www.ptt.cc/bbs/Stock/M.1770104771.A.241.html,[新聞] 房仲倒閉潮年後爆發！王瑞祺轟政府「卡」,dahlia7357,: 不要虧一點就受不了了好不好,推
https://www.ptt.cc/bbs/Stock/M.1770104771.A.241.html,[新聞] 房仲倒閉潮年後爆發！王瑞祺轟政府「卡」,hsupaijay,: 好耶,噓
https://www.ptt.cc/bbs/Stock/M.1770104771.A.241.html,[新聞] 房仲倒閉潮年後爆發！王瑞祺轟政府「卡」,asd0230zx,: 繼續黑 明明路上一堆房仲公司 開不停,噓
https://www.ptt.cc/bbs/Stock/M.1770104771.A.241.html,[新聞] 房仲倒閉潮年後爆發！王瑞祺轟政府「卡」,a51062004,: 沒有人天天在過年的啦,推
https://www.ptt.cc/bbs/Stock/M.1770104771.A.241.html,[新聞] 房仲倒閉潮年後爆發！王瑞祺轟政府「卡」,wts4832,: 房價大跌才好吧，依照股票邏輯這樣才有流動性，有,推
https://www.ptt.cc/bbs/Stock/M.1770104771.A.241.html,[新聞] 房仲倒閉潮年後爆發！王瑞祺轟政府「卡」,wts4832,: 流動性才有交易，房仲才有得賺阿,→
https://www.ptt.cc/bbs/Stock/M.1770104771.A.241.html,[新聞] 房仲倒閉潮年後爆發！王瑞祺轟政府「卡」,Subzero0000,: 這不就是賺錢自己厲害 賠錢別人害的嗎,噓
https://www.ptt.cc/bbs/Stock/M.1770104771.A.241.html,[新聞] 房仲倒閉潮年後爆發！王瑞祺轟政府「卡」,learnbao,: 你他媽賺了五年了 到底在叫啥叫 跳樓再說好嗎,噓
https://www.ptt.cc/bbs/Stock/M.1770104771.A.241.html,[新聞] 房仲倒閉潮年後爆發！王瑞祺轟政府「卡」,Oskar,: 工程師都睡在機台旁邊了 沒有購屋需求 ( QQ,推
https://www.ptt.cc/bbs/Stock/M.1770104771.A.241.html,[新聞] 房仲倒閉潮年後爆發！王瑞祺轟政府「卡」,hikai,: 之前賺的 該吐出來了！,推
https://www.ptt.cc/bbs/Stock/M.1770104771.A.241.html,[新聞] 房仲倒閉潮年後爆發！王瑞祺轟政府「卡」,nofear2101,: 房仲前幾年都賺到開瑪莎了  少賺一點而已吧~,推
https://www.ptt.cc/bbs/Stock/M.1770104771.A.241.html,[新聞] 房仲倒閉潮年後爆發！王瑞祺轟政府「卡」,xyz168,: 房子跌價會怎樣嗎？房子是用來住的，不是拿來賺錢,推
https://www.ptt.cc/bbs/Stock/M.1770104771.A.241.html,[新聞] 房仲倒閉潮年後爆發！王瑞祺轟政府「卡」,xyz168,: 的。,→
https://www.ptt.cc/bbs/Stock/M.1770104771.A.241.html,[新聞] 房仲倒閉潮年後爆發！王瑞祺轟政府「卡」,phitenbieler,: 炒房7414,噓
https://www.ptt.cc/bbs/Stock/M.1770104771.A.241.html,[新聞] 房仲倒閉潮年後爆發！王瑞祺轟政府「卡」,sindy520,: 之前唬爛我的房仲店還在啊！到底要倒閉了沒,推
https://www.ptt.cc/bbs/Stock/M.1770104771.A.241.html,[新聞] 房仲倒閉潮年後爆發！王瑞祺轟政府「卡」,ef88041811,: 賣不掉就加價賣啊 還要人教喔？,噓
https://www.ptt.cc/bbs/Stock/M.1770104771.A.241.html,[新聞] 房仲倒閉潮年後爆發！王瑞祺轟政府「卡」,harry801030,: 爽,推
https://www.ptt.cc/bbs/Stock/M.1770104771.A.241.html,[新聞] 房仲倒閉潮年後爆發！王瑞祺轟政府「卡」,mabilife,: 漲兩倍跌一成然後在哭,噓
https://www.ptt.cc/bbs/Stock/M.1770104771.A.241.html,[新聞] 房仲倒閉潮年後爆發！王瑞祺轟政府「卡」,lulufufu,: 加價賣,噓
https://www.ptt.cc/bbs/Stock/M.1770104771.A.241.html,[新聞] 房仲倒閉潮年後爆發！王瑞祺轟政府「卡」,DickCowBoy,: 鐵門拉不起來 我建議換馬達驅動,推
https://www.ptt.cc/bbs/Stock/M.1770104771.A.241.html,[新聞] 房仲倒閉潮年後爆發！王瑞祺轟政府「卡」,DickCowBoy,: 這年頭誰還用手拉又危險,→
https://www.ptt.cc/bbs/Stock/M.1770104771.A.241.html,[新聞] 房仲倒閉潮年後爆發！王瑞祺轟政府「卡」,donod,: 之前賺的錢也沒分全民啊,推
https://www.ptt.cc/bbs/Stock/M.1770104771.A.241.html,[新聞] 房仲倒閉潮年後爆發！王瑞祺轟政府「卡」,amhs,: 房仲助漲都10幾年了…6%死不退讓，開的比超商多…,推
https://www.ptt.cc/bbs/Stock/M.1770104771.A.241.html,[新聞] 房仲倒閉潮年後爆發！王瑞祺轟政府「卡」,amhs,: 唉,→
https://www.ptt.cc/bbs/Stock/M.1770104771.A.241.html,[新聞] 房仲倒閉潮年後爆發！王瑞祺轟政府「卡」,stkoso,: 拉不起來就別拉,→
https://www.ptt.cc/bbs/Stock/M.1770104771.A.241.html,[新聞] 房仲倒閉潮年後爆發！王瑞祺轟政府「卡」,adamk2,: 虧的時候哭全民財富蒸發 賺的時候你有發錢給大家嗎,噓
https://www.ptt.cc/bbs/Stock/M.1770104771.A.241.html,[新聞] 房仲倒閉潮年後爆發！王瑞祺轟政府「卡」,aoc760615,: 趕快收一收回家生小孩就有需求了,推
https://www.ptt.cc/bbs/Stock/M.1770104771.A.241.html,[新聞] 房仲倒閉潮年後爆發！王瑞祺轟政府「卡」,greedystar1,: 倒光了 那不是很好嗎？,推
https://www.ptt.cc/bbs/Stock/M.1770104771.A.241.html,[新聞] 房仲倒閉潮年後爆發！王瑞祺轟政府「卡」,georgehsu119,: 活該啊,噓
https://www.ptt.cc/bbs/Stock/M.1770104771.A.241.html,[新聞] 房仲倒閉潮年後爆發！王瑞祺轟政府「卡」,tctv2002,: 早該倒閉了吧 開的比超商還多,→
https://www.ptt.cc/bbs/Stock/M.1770104771.A.241.html,[新聞] 房仲倒閉潮年後爆發！王瑞祺轟政府「卡」,westmoney,: 其實房價都還在溫溫漲，不用怕這種新聞，且過陣子,推
https://www.ptt.cc/bbs/Stock/M.1770104771.A.241.html,[新聞] 房仲倒閉潮年後爆發！王瑞祺轟政府「卡」,westmoney,: 新青安2.0可能就要出來了，買房穩啦！營建股噴！,→
https://www.ptt.cc/bbs/Stock/M.1770104771.A.241.html,[新聞] 房仲倒閉潮年後爆發！王瑞祺轟政府「卡」,PCC2003,: 沒有生產力的職業，在那叫什麼,噓
https://www.ptt.cc/bbs/Stock/M.1770104771.A.241.html,[新聞] 房仲倒閉潮年後爆發！王瑞祺轟政府「卡」,iwkya,: 轟三小啊之前賺成那樣,噓
https://www.ptt.cc/bbs/Stock/M.1770104771.A.241.html,[新聞] 房仲倒閉潮年後爆發！王瑞祺轟政府「卡」,ImCPM,: 巨嬰房蟲又哇哇大哭啦,推
https://www.ptt.cc/bbs/Stock/M.1770104771.A.241.html,[新聞] 房仲倒閉潮年後爆發！王瑞祺轟政府「卡」,Lecwei,: 不會去台積電輪班嗎?,推
https://www.ptt.cc/bbs/Stock/M.1770104771.A.241.html,[新聞] 房仲倒閉潮年後爆發！王瑞祺轟政府「卡」,Arodz,: 已經爽很久了啦,噓
https://www.ptt.cc/bbs/Stock/M.1770104771.A.241.html,[新聞] 房仲倒閉潮年後爆發！王瑞祺轟政府「卡」,hope452162,: 炒房仔真的去死一死,推
https://www.ptt.cc/bbs/Stock/M.1770104771.A.241.html,[新聞] 房仲倒閉潮年後爆發！王瑞祺轟政府「卡」,fallen01,: 房子有ai嗎  沒有就滾,噓
https://www.ptt.cc/bbs/Stock/M.1770104771.A.241.html,[新聞] 房仲倒閉潮年後爆發！王瑞祺轟政府「卡」,vlsixxxx,: 炒什麼房 大家來炒股票,推
https://www.ptt.cc/bbs/Stock/M.1770104771.A.241.html,[新聞] 房仲倒閉潮年後爆發！王瑞祺轟政府「卡」,Jackson300mm,: 市場機制～,推
https://www.ptt.cc/bbs/Stock/M.1770104771.A.241.html,[新聞] 房仲倒閉潮年後爆發！王瑞祺轟政府「卡」,ChoiceLife,: 賺爛都可以退休了吧,推
https://www.ptt.cc/bbs/Stock/M.1770104771.A.241.html,[新聞] 房仲倒閉潮年後爆發！王瑞祺轟政府「卡」,onlygoog,: 詐騙房仲倒光最好！,噓
https://www.ptt.cc/bbs/Stock/M.1770104771.A.241.html,[新聞] 房仲倒閉潮年後爆發！王瑞祺轟政府「卡」,LeeFrank,: 根本不需要那麼多房仲 倒的好,推
https://www.ptt.cc/bbs/Stock/M.1770104771.A.241.html,[新聞] 房仲倒閉潮年後爆發！王瑞祺轟政府「卡」,Arkzeon,: 這麼臭的職業真的有存在的必要嗎 ん？,推
https://www.ptt.cc/bbs/Stock/M.1770104771.A.241.html,[新聞] 房仲倒閉潮年後爆發！王瑞祺轟政府「卡」,cg323,: 房市是經濟基本盤的話，倒光算了...,推
https://www.ptt.cc/bbs/Stock/M.1770104771.A.241.html,[新聞] 房仲倒閉潮年後爆發！王瑞祺轟政府「卡」,joyeszhang,: 房仲本來就太多 倒一半都還好,推
https://www.ptt.cc/bbs/Stock/M.1770104771.A.241.html,[新聞] 房仲倒閉潮年後爆發！王瑞祺轟政府「卡」,azhu,: 有能力的仲仲應該早就財富自由了吧,→
https://www.ptt.cc/bbs/Stock/M.1770104771.A.241.html,[新聞] 房仲倒閉潮年後爆發！王瑞祺轟政府「卡」,lawrencezxc,: 不會加價賣？,噓
https://www.ptt.cc/bbs/Stock/M.1770104771.A.241.html,[新聞] 房仲倒閉潮年後爆發！王瑞祺轟政府「卡」,poeoe,: 房仲少是好事吧 根本不需要那麼多房仲,推
https://www.ptt.cc/bbs/Stock/M.1770104771.A.241.html,[新聞] 房仲倒閉潮年後爆發！王瑞祺轟政府「卡」,artning,: 房地產從來都不是台灣經濟基本盤,推
https://www.ptt.cc/bbs/Stock/M.1770104771.A.241.html,[新聞] 房仲倒閉潮年後爆發！王瑞祺轟政府「卡」,s1612316,: 這篇要反著看 什麼叫蒸發 股市虧光才叫蒸發,噓
https://www.ptt.cc/bbs/Stock/M.1770104771.A.241.html,[新聞] 房仲倒閉潮年後爆發！王瑞祺轟政府「卡」,tseng199,: 就炒不動而已，在那邊急有用嗎？,→
https://www.ptt.cc/bbs/Stock/M.1770104771.A.241.html,[新聞] 房仲倒閉潮年後爆發！王瑞祺轟政府「卡」,azaz12345,: 果然開始恐嚇了 房地產的人員素質..,推
https://www.ptt.cc/bbs/Stock/M.1770104771.A.241.html,[新聞] 房仲倒閉潮年後爆發！王瑞祺轟政府「卡」,HarryHTC,: 套句房蟲說的~ 自己不努力!,推
https://www.ptt.cc/bbs/Stock/M.1770104771.A.241.html,[新聞] 房仲倒閉潮年後爆發！王瑞祺轟政府「卡」,woker,: 股市蒸發 只要幾天時間,推
https://www.ptt.cc/bbs/Stock/M.1770104771.A.241.html,[新聞] 房仲倒閉潮年後爆發！王瑞祺轟政府「卡」,gfsog,: 之前賺一堆，現在叫什麼叫,噓
https://www.ptt.cc/bbs/Stock/M.1770104771.A.241.html,[新聞] 房仲倒閉潮年後爆發！王瑞祺轟政府「卡」,ALDNOAH5566,: 白癡嗎 房子便宜流通就高 怎麼不去問賣家,推
https://www.ptt.cc/bbs/Stock/M.1770104771.A.241.html,[新聞] 房仲倒閉潮年後爆發！王瑞祺轟政府「卡」,iwcuforever,: 讚喔，打房有成效,推
https://www.ptt.cc/bbs/Stock/M.1770104771.A.241.html,[新聞] 房仲倒閉潮年後爆發！王瑞祺轟政府「卡」,gostt,: 感覺根本沒有跌 15漲到70 跌到65有意義？,推
https://www.ptt.cc/bbs/Stock/M.1770104771.A.241.html,[新聞] 房仲倒閉潮年後爆發！王瑞祺轟政府「卡」,loking,: 房仲這幾年早就賺到一輩子的錢了，誰還要工作,推
https://www.ptt.cc/bbs/Stock/M.1770104771.A.241.html,[新聞] 房仲倒閉潮年後爆發！王瑞祺轟政府「卡」,loveup,: 沒人跳樓,推
https://www.ptt.cc/bbs/Stock/M.1770104771.A.241.html,[新聞] 房仲倒閉潮年後爆發！王瑞祺轟政府「卡」,v21638245,: 7414謝謝,推
https://www.ptt.cc/bbs/Stock/M.1770104771.A.241.html,[新聞] 房仲倒閉潮年後爆發！王瑞祺轟政府「卡」,airva,: 我還以為到了房版,推
https://www.ptt.cc/bbs/Stock/M.1770104771.A.241.html,[新聞] 房仲倒閉潮年後爆發！王瑞祺轟政府「卡」,v21638245,: 錢會到股市才是真的人人受益,→
https://www.ptt.cc/bbs/Stock/M.1770104771.A.241.html,[新聞] 房仲倒閉潮年後爆發！王瑞祺轟政府「卡」,s155260,: 吸血業趕快倒一倒,噓
https://www.ptt.cc/bbs/Stock/M.1770104771.A.241.html,[新聞] 房仲倒閉潮年後爆發！王瑞祺轟政府「卡」,Muilie,: 幹，為什麼不能跌，房仲理事長是在公三小,推
https://www.ptt.cc/bbs/Stock/M.1770104771.A.241.html,[新聞] 房仲倒閉潮年後爆發！王瑞祺轟政府「卡」,monarch0301,: 倒一倒一堆垃圾蠹蟲,推
https://www.ptt.cc/bbs/Stock/M.1770104771.A.241.html,[新聞] 房仲倒閉潮年後爆發！王瑞祺轟政府「卡」,kungwei,: 還能炒，還有肉,推
https://www.ptt.cc/bbs/Stock/M.1770104771.A.241.html,[新聞] 房仲倒閉潮年後爆發！王瑞祺轟政府「卡」,monarch0301,: 吸血還吸出優越感了,→
https://www.ptt.cc/bbs/Stock/M.1770104771.A.241.html,[新聞] 房仲倒閉潮年後爆發！王瑞祺轟政府「卡」,KENNY125,: 沒有生產力也無gdp的產業不倒一倒....,推
https://www.ptt.cc/bbs/Stock/M.1770104771.A.241.html,[新聞] 房仲倒閉潮年後爆發！王瑞祺轟政府「卡」,ciafbi007,: 有這種好事,推
https://www.ptt.cc/bbs/Stock/M.1770104771.A.241.html,[新聞] 房仲倒閉潮年後爆發！王瑞祺轟政府「卡」,kungwei,: 代表政府打房有效，還會唉,→
https://www.ptt.cc/bbs/Stock/M.1770104771.A.241.html,[新聞] 房仲倒閉潮年後爆發！王瑞祺轟政府「卡」,pink75310,: 看是要繼續少子化 還是救那些__,推
https://www.ptt.cc/bbs/Stock/M.1770104771.A.241.html,[新聞] 房仲倒閉潮年後爆發！王瑞祺轟政府「卡」,ntpukid,: 我還沒上車呀！等等我,推
https://www.ptt.cc/bbs/Stock/M.1770104771.A.241.html,[新聞] 房仲倒閉潮年後爆發！王瑞祺轟政府「卡」,romeomonkey,: 打房終於有效果了嗎 感動,推
https://www.ptt.cc/bbs/Stock/M.1770104771.A.241.html,[新聞] 房仲倒閉潮年後爆發！王瑞祺轟政府「卡」,WWIII,: 一人一間不要貪心阿,噓
https://www.ptt.cc/bbs/Stock/M.1770104771.A.241.html,[新聞] 房仲倒閉潮年後爆發！王瑞祺轟政府「卡」,kimula01,: 房仲太多了。倒一點也好。留下專業一點的人,推
https://www.ptt.cc/bbs/Stock/M.1770104771.A.241.html,[新聞] 房仲倒閉潮年後爆發！王瑞祺轟政府「卡」,gremon131,: 等你降到能買我在買 現在把錢拿去更適合的地方用,推
https://www.ptt.cc/bbs/Stock/M.1770104771.A.241.html,[新聞] 房仲倒閉潮年後爆發！王瑞祺轟政府「卡」,wate5566,: 房仲還沒跳樓都當沒事兒,推
https://www.ptt.cc/bbs/Stock/M.1770104771.A.241.html,[新聞] 房仲倒閉潮年後爆發！王瑞祺轟政府「卡」,bldctw,: 這才是我要的政府,→
https://www.ptt.cc/bbs/Stock/M.1770104771.A.241.html,[新聞] 房仲倒閉潮年後爆發！王瑞祺轟政府「卡」,A0908,: 房仲開到比便利商店還要多，自己都不覺得誇張嗎？,推
https://www.ptt.cc/bbs/Stock/M.1770104771.A.241.html,[新聞] 房仲倒閉潮年後爆發！王瑞祺轟政府「卡」,A0908,: 不過就前幾年賺太多了，讓房地產回歸到自住，砍掉,→
https://www.ptt.cc/bbs/Stock/M.1770104771.A.241.html,[新聞] 房仲倒閉潮年後爆發！王瑞祺轟政府「卡」,A0908,: 投機客就受不了了？,→
https://www.ptt.cc/bbs/Stock/M.1770104771.A.241.html,[新聞] 房仲倒閉潮年後爆發！王瑞祺轟政府「卡」,roy0710,: 垃圾行業 死一死好,推
https://www.ptt.cc/bbs/Stock/M.1770104771.A.241.html,[新聞] 房仲倒閉潮年後爆發！王瑞祺轟政府「卡」,iamccat,: 快點倒一倒,推
https://www.ptt.cc/bbs/Stock/M.1770104771.A.241.html,[新聞] 房仲倒閉潮年後爆發！王瑞祺轟政府「卡」,Plato12,: 活該 炒地皮炒到崩  產值根本0,推
https://www.ptt.cc/bbs/Stock/M.1770104771.A.241.html,[新聞] 房仲倒閉潮年後爆發！王瑞祺轟政府「卡」,reall860523,: 房仲就一堆沒專業的，乖乖去幫人結帳啦，哭爸什麼,→
https://www.ptt.cc/bbs/Stock/M.1770104771.A.241.html,[新聞] 房仲倒閉潮年後爆發！王瑞祺轟政府「卡」,water198102,: 房蟲去死一死啦,推
https://www.ptt.cc/bbs/Stock/M.1770104771.A.241.html,[新聞] 房仲倒閉潮年後爆發！王瑞祺轟政府「卡」,timetostudy,: 完了，經濟火車頭撞牆,→
https://www.ptt.cc/bbs/Stock/M.1770104771.A.241.html,[新聞] 房仲倒閉潮年後爆發！王瑞祺轟政府「卡」,ups,: 溫馨：）,推
https://www.ptt.cc/bbs/Stock/M.1770104771.A.241.html,[新聞] 房仲倒閉潮年後爆發！王瑞祺轟政府「卡」,Disconnected,: 路不轉人轉啊 哭什麼哭,推
https://www.ptt.cc/bbs/Stock/M.1770104771.A.241.html,[新聞] 房仲倒閉潮年後爆發！王瑞祺轟政府「卡」,diyteam,: 建商還沒倒啊！一群房仲一起買一間來套自住客，怎麼,推
https://www.ptt.cc/bbs/Stock/M.1770104771.A.241.html,[新聞] 房仲倒閉潮年後爆發！王瑞祺轟政府「卡」,diyteam,: 會有事，兩年再換一個人頭啊！,→
https://www.ptt.cc/bbs/Stock/M.1770104771.A.241.html,[新聞] 房仲倒閉潮年後爆發！王瑞祺轟政府「卡」,chenyeart,: 很氣XD,推
https://www.ptt.cc/bbs/Stock/M.1770104771.A.241.html,[新聞] 房仲倒閉潮年後爆發！王瑞祺轟政府「卡」,leon1757tw,: 小漲200%  大跌10%,推
https://www.ptt.cc/bbs/Stock/M.1770104771.A.241.html,[新聞] 房仲倒閉潮年後爆發！王瑞祺轟政府「卡」,ai112039,: 鐵門拉不起來 叫人來修阿,推
https://www.ptt.cc/bbs/Stock/M.1770104771.A.241.html,[新聞] 房仲倒閉潮年後爆發！王瑞祺轟政府「卡」,taylor951,: 新青安剛出時房仲不可一世的嘴臉呢,→
https://www.ptt.cc/bbs/Stock/M.1770104771.A.241.html,[新聞] 房仲倒閉潮年後爆發！王瑞祺轟政府「卡」,bettercallh,: 房仲前幾年賺多少了啦 一年沒賺到就出來哭喔,噓
https://www.ptt.cc/bbs/Stock/M.1770104771.A.241.html,[新聞] 房仲倒閉潮年後爆發！王瑞祺轟政府「卡」,wyytw,: 利率跳升？,推
https://www.ptt.cc/bbs/Stock/M.1770104771.A.241.html,[新聞] 房仲倒閉潮年後爆發！王瑞祺轟政府「卡」,ADS1,: 又沒跌,噓
https://www.ptt.cc/bbs/Stock/M.1770104771.A.241.html,[新聞] 房仲倒閉潮年後爆發！王瑞祺轟政府「卡」,leon1757tw,: 房仲沒什麼產值 收了去端盤子也好,推
https://www.ptt.cc/bbs/Stock/M.1770104771.A.241.html,[新聞] 房仲倒閉潮年後爆發！王瑞祺轟政府「卡」,BossGibbs,: 夕陽來祝賀=夕鶴,推
https://www.ptt.cc/bbs/Stock/M.1770104771.A.241.html,[新聞] 房仲倒閉潮年後爆發！王瑞祺轟政府「卡」,coin716,: 少來 身邊房仲跟代銷賺得盆滿鉢滿,→
https://www.ptt.cc/bbs/Stock/M.1770104771.A.241.html,[新聞] 房仲倒閉潮年後爆發！王瑞祺轟政府「卡」,sleepy5566,: 溫馨☺,推
https://www.ptt.cc/bbs/Stock/M.1770104771.A.241.html,[新聞] 房仲倒閉潮年後爆發！王瑞祺轟政府「卡」,yatola,: 有跌有漲才正常啊,推
https://www.ptt.cc/bbs/Stock/M.1770104771.A.241.html,[新聞] 房仲倒閉潮年後爆發！王瑞祺轟政府「卡」,ddshu,: 習包子說房子不是用來炒的,推
https://www.ptt.cc/bbs/Stock/M.1770104771.A.241.html,[新聞] 房仲倒閉潮年後爆發！王瑞祺轟政府「卡」,spring40,: 房仲倒閉跟房價漲價 我相信後者,推
https://www.ptt.cc/bbs/Stock/M.1770104771.A.241.html,[新聞] 房仲倒閉潮年後爆發！王瑞祺轟政府「卡」,for311544,: 倒光了再跟我說,推
https://www.ptt.cc/bbs/Stock/M.1770104771.A.241.html,[新聞] 房仲倒閉潮年後爆發！王瑞祺轟政府「卡」,s50101,: 賺太多的時候怎不怪政府,→
https://www.ptt.cc/bbs/Stock/M.1770104771.A.241.html,[新聞] 房仲倒閉潮年後爆發！王瑞祺轟政府「卡」,starport,: 房蟲 可憐哪,推
https://www.ptt.cc/bbs/Stock/M.1770104771.A.241.html,[新聞] 房仲倒閉潮年後爆發！王瑞祺轟政府「卡」,ericsonzhen,: 啊不會全款買房喔 買不起房仲幫出啊 嘻嘻,推
https://www.ptt.cc/bbs/Stock/M.1770104771.A.241.html,[新聞] 房仲倒閉潮年後爆發！王瑞祺轟政府「卡」,activ,: 這行業倒光最好,推
https://www.ptt.cc/bbs/Stock/M.1770104771.A.241.html,[新聞] 房仲倒閉潮年後爆發！王瑞祺轟政府「卡」,jake0916,: 下跌一成要笑死人嗎 一坪沒回到25都還很高欸,推
https://www.ptt.cc/bbs/Stock/M.1770104771.A.241.html,[新聞] 房仲倒閉潮年後爆發！王瑞祺轟政府「卡」,kidd135,: 打折賣就可以成交了,推
https://www.ptt.cc/bbs/Stock/M.1770104771.A.241.html,[新聞] 房仲倒閉潮年後爆發！王瑞祺轟政府「卡」,Kennyq,: 炒房是增加大部分人的生存難度，簡單說就是缺德，,噓
https://www.ptt.cc/bbs/Stock/M.1770104771.A.241.html,[新聞] 房仲倒閉潮年後爆發！王瑞祺轟政府「卡」,Kennyq,: 看看2025的出生人口數對比2024少了2萬7千人就知道,→
https://www.ptt.cc/bbs/Stock/M.1770104771.A.241.html,[新聞] 房仲倒閉潮年後爆發！王瑞祺轟政府「卡」,Kennyq,: 多缺德了。,→
https://www.ptt.cc/bbs/Stock/M.1770104771.A.241.html,[新聞] 房仲倒閉潮年後爆發！王瑞祺轟政府「卡」,windyroad,: 哈 夕鶴,推
https://www.ptt.cc/bbs/Stock/M.1770104771.A.241.html,[新聞] 房仲倒閉潮年後爆發！王瑞祺轟政府「卡」,Icar2000,: 台灣物價就是這些房東炒出來的,推
https://www.ptt.cc/bbs/Stock/M.1770104771.A.241.html,[新聞] 房仲倒閉潮年後爆發！王瑞祺轟政府「卡」,canallchen,: 先倒再說。房仲比超商還多,→
https://www.ptt.cc/bbs/Stock/M.1770104771.A.241.html,[新聞] 房仲倒閉潮年後爆發！王瑞祺轟政府「卡」,Kennyq,: 股票可以不買，房能不住嗎？炒民生必需品不是缺德,→
https://www.ptt.cc/bbs/Stock/M.1770104771.A.241.html,[新聞] 房仲倒閉潮年後爆發！王瑞祺轟政府「卡」,Kennyq,: 是啥？,→
https://www.ptt.cc/bbs/Stock/M.1770104771.A.241.html,[新聞] 房仲倒閉潮年後爆發！王瑞祺轟政府「卡」,Kennyq,: 股票至少還是投資實業，炒房對社會是有個屁貢獻。,→
https://www.ptt.cc/bbs/Stock/M.1770104771.A.241.html,[新聞] 房仲倒閉潮年後爆發！王瑞祺轟政府「卡」,J002,: 等有相關產業的跳樓再說,推
https://www.ptt.cc/bbs/Stock/M.1770104771.A.241.html,[新聞] 房仲倒閉潮年後爆發！王瑞祺轟政府「卡」,rxsmalllove,: 樓下信不信房市崩盤,推
https://www.ptt.cc/bbs/Stock/M.1770104771.A.241.html,[新聞] 房仲倒閉潮年後爆發！王瑞祺轟政府「卡」,Kennyq,: https://i.meee.com.tw/bNnfSmy.png  暴跌2萬7千人,→
https://www.ptt.cc/bbs/Stock/M.1770104771.A.241.html,[新聞] 房仲倒閉潮年後爆發！王瑞祺轟政府「卡」,strlen,: 房蟲死好,→
https://www.ptt.cc/bbs/Stock/M.1770104771.A.241.html,[新聞] 房仲倒閉潮年後爆發！王瑞祺轟政府「卡」,overworld,: 語畢 哄堂大笑,推
https://www.ptt.cc/bbs/Stock/M.1770104771.A.241.html,[新聞] 房仲倒閉潮年後爆發！王瑞祺轟政府「卡」,Kennyq,: 缺德事做多了也沒啥啦！有錢沒命花而已(早死)。,→
https://www.ptt.cc/bbs/Stock/M.1770104771.A.241.html,[新聞] 房仲倒閉潮年後爆發！王瑞祺轟政府「卡」,obovqq,: 死了沒啊 要跳樓記得直播 我去抖內☺,→
https://www.ptt.cc/bbs/Stock/M.1770104771.A.241.html,[新聞] 房仲倒閉潮年後爆發！王瑞祺轟政府「卡」,Fezico,: 沒人跳樓都是假的,推
https://www.ptt.cc/bbs/Stock/M.1770104771.A.241.html,[新聞] 房仲倒閉潮年後爆發！王瑞祺轟政府「卡」,tist,: 假新聞，又沒人跳樓,推
https://www.ptt.cc/bbs/Stock/M.1770104771.A.241.html,[新聞] 房仲倒閉潮年後爆發！王瑞祺轟政府「卡」,jyvaskyla,: 跌一成再說嘛 沒跌多少就唉唉叫 巨嬰喔,噓
https://www.ptt.cc/bbs/Stock/M.1770104771.A.241.html,[新聞] 房仲倒閉潮年後爆發！王瑞祺轟政府「卡」,a2080259,: 跌一成？為何不把錢拿去買台積電？,推
https://www.ptt.cc/bbs/Stock/M.1770104771.A.241.html,[新聞] 房仲倒閉潮年後爆發！王瑞祺轟政府「卡」,jeng0326,: 就算跌五成，我還是一間房子，跌吧,噓
https://www.ptt.cc/bbs/Stock/M.1770104771.A.241.html,[新聞] 房仲倒閉潮年後爆發！王瑞祺轟政府「卡」,terry2640,: 又不是勞動創造。是類哭啥小,推
https://www.ptt.cc/bbs/Stock/M.1770104771.A.241.html,[新聞] 房仲倒閉潮年後爆發！王瑞祺轟政府「卡」,wiwi9317,: 整天看一堆房仲上酒店，愛做不做的，只是搭上炒房,推
https://www.ptt.cc/bbs/Stock/M.1770104771.A.241.html,[新聞] 房仲倒閉潮年後爆發！王瑞祺轟政府「卡」,bangjia,: 倒一倒很好啦！炒高房價圖利很缺德,推
https://www.ptt.cc/bbs/Stock/M.1770104771.A.241.html,[新聞] 房仲倒閉潮年後爆發！王瑞祺轟政府「卡」,wiwi9317,: 順風車，現在活該死好,→
https://www.ptt.cc/bbs/Stock/M.1770104771.A.241.html,[新聞] 房仲倒閉潮年後爆發！王瑞祺轟政府「卡」,digodi,: 漲幾百，跌十幾就在哇哇叫,→
https://www.ptt.cc/bbs/Stock/M.1770104771.A.241.html,[新聞] 房仲倒閉潮年後爆發！王瑞祺轟政府「卡」,hate56,: 最好全部都去跳樓 媽的一堆垃圾,→
https://www.ptt.cc/bbs/Stock/M.1770104771.A.241.html,[新聞] 房仲倒閉潮年後爆發！王瑞祺轟政府「卡」,keltsen,: 6%佣金也會倒QQ,推
https://www.ptt.cc/bbs/Stock/M.1770104771.A.241.html,[新聞] 房仲倒閉潮年後爆發！王瑞祺轟政府「卡」,asirk124,: 前年賺多少了，可以撐好幾年的,→
https://www.ptt.cc/bbs/Stock/M.1770104771.A.241.html,[新聞] 房仲倒閉潮年後爆發！王瑞祺轟政府「卡」,lakershank,: 李在明：,推
https://www.ptt.cc/bbs/Stock/M.1770104771.A.241.html,[新聞] 房仲倒閉潮年後爆發！王瑞祺轟政府「卡」,koyo017,: 三年不開張 開張吃三年,推
https://www.ptt.cc/bbs/Stock/M.1770104771.A.241.html,[新聞] 房仲倒閉潮年後爆發！王瑞祺轟政府「卡」,tom501062003,: 太好了 7414,噓
https://www.ptt.cc/bbs/Stock/M.1770104771.A.241.html,[新聞] 房仲倒閉潮年後爆發！王瑞祺轟政府「卡」,mungbeanJ,: 很棒,推
https://www.ptt.cc/bbs/Stock/M.1770104771.A.241.html,[新聞] 房仲倒閉潮年後爆發！王瑞祺轟政府「卡」,tamynumber1,: 笑死 殺雞取卵,→
https://www.ptt.cc/bbs/Stock/M.1770104771.A.241.html,[新聞] 房仲倒閉潮年後爆發！王瑞祺轟政府「卡」,cylu7878,: 前幾年爽歪歪悶聲賺 現在跌一點點就出來唉,推
https://www.ptt.cc/bbs/Stock/M.1770104771.A.241.html,[新聞] 房仲倒閉潮年後爆發！王瑞祺轟政府「卡」,lcdkey,: 全民財富？ 是建商跟房蟲的吧,噓
https://www.ptt.cc/bbs/Stock/M.1770104771.A.241.html,[新聞] 房仲倒閉潮年後爆發！王瑞祺轟政府「卡」,paufan,: 去死一死好，本來就不該存在的行業，就一群房市黃,→
https://www.ptt.cc/bbs/Stock/M.1770104771.A.241.html,[新聞] 房仲倒閉潮年後爆發！王瑞祺轟政府「卡」,paufan,: 牛,→
https://www.ptt.cc/bbs/Stock/M.1770104771.A.241.html,[新聞] 房仲倒閉潮年後爆發！王瑞祺轟政府「卡」,chiz2,: 沒事啦，這樣就倒閉表示本來就是肉腳，沒一個能打的,噓
https://www.ptt.cc/bbs/Stock/M.1770104771.A.241.html,[新聞] 房仲倒閉潮年後爆發！王瑞祺轟政府「卡」,pppopp,: 很好 請繼續,→
https://www.ptt.cc/bbs/Stock/M.1770104771.A.241.html,[新聞] 房仲倒閉潮年後爆發！王瑞祺轟政府「卡」,zxc8520,: 房蟲 可憐,推
https://www.ptt.cc/bbs/Stock/M.1770104771.A.241.html,[新聞] 房仲倒閉潮年後爆發！王瑞祺轟政府「卡」,bybus,: 資金不被房地產綁架台灣才有救,推
https://www.ptt.cc/bbs/Stock/M.1770104771.A.241.html,[新聞] 房仲倒閉潮年後爆發！王瑞祺轟政府「卡」,rosenzulu,: 坑了多少家庭的積蓄 在那叫什麼,噓
https://www.ptt.cc/bbs/Stock/M.1770104771.A.241.html,[新聞] 房仲倒閉潮年後爆發！王瑞祺轟政府「卡」,breacal,: 主因是少子化，6-7年級是買房主力，8-9年級跟不上,→
https://www.ptt.cc/bbs/Stock/M.1770104771.A.241.html,[新聞] 房仲倒閉潮年後爆發！王瑞祺轟政府「卡」,breacal,: 來，自然房市下跌,→
https://www.ptt.cc/bbs/Stock/M.1770104771.A.241.html,[新聞] 房仲倒閉潮年後爆發！王瑞祺轟政府「卡」,gssay123,: 蒸發你媽 我說我的洨可以賣300兆 放個十年沒人買是,推
https://www.ptt.cc/bbs/Stock/M.1770104771.A.241.html,[新聞] 房仲倒閉潮年後爆發！王瑞祺轟政府「卡」,gssay123,: 我的問題還是買方的問題？,→
https://www.ptt.cc/bbs/Stock/M.1770104771.A.241.html,[新聞] 房仲倒閉潮年後爆發！王瑞祺轟政府「卡」,EIKD,: 吃屎,推
https://www.ptt.cc/bbs/Stock/M.1770104771.A.241.html,[新聞] 房仲倒閉潮年後爆發！王瑞祺轟政府「卡」,Shou1007,: 趕快倒一倒 來幫科技業輪班,推
https://www.ptt.cc/bbs/Stock/M.1770104771.A.241.html,[新聞] 房仲倒閉潮年後爆發！王瑞祺轟政府「卡」,g9911761,: 就少子化 只會越來越慘,推
https://www.ptt.cc/bbs/Stock/M.1770104771.A.241.html,[新聞] 房仲倒閉潮年後爆發！王瑞祺轟政府「卡」,dOnG4fU,: 倒閉潮幾次了,→
https://www.ptt.cc/bbs/Stock/M.1770104771.A.241.html,[新聞] 房仲倒閉潮年後爆發！王瑞祺轟政府「卡」,LAURANCE,: 歐,推
https://www.ptt.cc/bbs/Stock/M.1770104771.A.241.html,[新聞] 房仲倒閉潮年後爆發！王瑞祺轟政府「卡」,lince2357,: 前面賺多爽,推
https://www.ptt.cc/bbs/Stock/M.1770104771.A.241.html,[新聞] 房仲倒閉潮年後爆發！王瑞祺轟政府「卡」,momo4571,: 賺的時候拼命開店怎不說,→
https://www.ptt.cc/bbs/Stock/M.1770104771.A.241.html,[新聞] 房仲倒閉潮年後爆發！王瑞祺轟政府「卡」,pig33pig33,: 不就是投資客太多,→
https://www.ptt.cc/bbs/Stock/M.1770104771.A.241.html,[新聞] 房仲倒閉潮年後爆發！王瑞祺轟政府「卡」,s81048112,: 跌了也罵XD,推
https://www.ptt.cc/bbs/Stock/M.1770104771.A.241.html,[新聞] 房仲倒閉潮年後爆發！王瑞祺轟政府「卡」,kaiDX,: 哪來的換屋鏈 是韮菜鏈吧,推
https://www.ptt.cc/bbs/Stock/M.1770104771.A.241.html,[新聞] 房仲倒閉潮年後爆發！王瑞祺轟政府「卡」,dreamnook2,: (′・ω・‵) 很好呀,→
https://www.ptt.cc/bbs/Stock/M.1770104771.A.241.html,[新聞] 房仲倒閉潮年後爆發！王瑞祺轟政府「卡」,zer0319,: 暴賺的時候怎麼沒有出來轟,→
https://www.ptt.cc/bbs/Stock/M.1770104771.A.241.html,[新聞] 房仲倒閉潮年後爆發！王瑞祺轟政府「卡」,wplinwp,: 房仲就是炒房寄生蟲 本來就太多,推
https://www.ptt.cc/bbs/Stock/M.1770104771.A.241.html,[新聞] 房仲倒閉潮年後爆發！王瑞祺轟政府「卡」,supertsy,": 怕什麼,房屋只是流動性換現比較慢的股市,其實股市",推
https://www.ptt.cc/bbs/Stock/M.1770104771.A.241.html,[新聞] 房仲倒閉潮年後爆發！王瑞祺轟政府「卡」,supertsy,": 跌3成對半砍也不是沒遇過,敢買還怕輸,誰跟你在那邊",→
https://www.ptt.cc/bbs/Stock/M.1770104771.A.241.html,[新聞] 房仲倒閉潮年後爆發！王瑞祺轟政府「卡」,supertsy,": 穩贏,你看過股市跌三成經濟有崩潰？",→
https://www.ptt.cc/bbs/Stock/M.1770104771.A.241.html,[新聞] 房仲倒閉潮年後爆發！王瑞祺轟政府「卡」,damper,: 預售屋不是都還在創新高,噓
https://www.ptt.cc/bbs/Stock/M.1770104771.A.241.html,[新聞] 房仲倒閉潮年後爆發！王瑞祺轟政府「卡」,apple123773,: 你倒是倒一倒啊,→
https://www.ptt.cc/bbs/Stock/M.1770104771.A.241.html,[新聞] 房仲倒閉潮年後爆發！王瑞祺轟政府「卡」,nwkasim,: 台股創新高，房仲賺不到錢怪誰啊,推
https://www.ptt.cc/bbs/Stock/M.1770104771.A.241.html,[新聞] 房仲倒閉潮年後爆發！王瑞祺轟政府「卡」,cutinking,: 真慘的話連叫的力氣都沒有,噓
https://www.ptt.cc/bbs/Stock/M.1770104771.A.241.html,[新聞] 房仲倒閉潮年後爆發！王瑞祺轟政府「卡」,sharmans,: 房價開根號,推
https://www.ptt.cc/bbs/Stock/M.1770104771.A.241.html,[新聞] 房仲倒閉潮年後爆發！王瑞祺轟政府「卡」,Joelai,": 水位就滿了,快點多存點錢讓大家能炒房",推
https://www.ptt.cc/bbs/Stock/M.1770105028.A.F9F.html,[新聞] 年化配息率衝破12%！「含積ETF」00923最,Rever,: 左手,→
https://www.ptt.cc/bbs/Stock/M.1770105028.A.F9F.html,[新聞] 年化配息率衝破12%！「含積ETF」00923最,qa1122z,: 含4成雞,推
https://www.ptt.cc/bbs/Stock/M.1770105028.A.F9F.html,[新聞] 年化配息率衝破12%！「含積ETF」00923最,keel90135,: 市值配這麼多衝三小,→
https://www.ptt.cc/bbs/Stock/M.1770105028.A.F9F.html,[新聞] 年化配息率衝破12%！「含積ETF」00923最,ayumiowen,: 年化配息率，笑死,推
https://www.ptt.cc/bbs/Stock/M.1770105028.A.F9F.html,[新聞] 年化配息率衝破12%！「含積ETF」00923最,azcooper,: 黃金年化資產漲63%,→
https://www.ptt.cc/bbs/Stock/M.1770105028.A.F9F.html,[新聞] 年化配息率衝破12%！「含積ETF」00923最,u9596g12,: 左,→
https://www.ptt.cc/bbs/Stock/M.1770105028.A.F9F.html,[新聞] 年化配息率衝破12%！「含積ETF」00923最,Gundam77,: 多配一點的0050？表親？,→
https://www.ptt.cc/bbs/Stock/M.1770105028.A.F9F.html,[新聞] 年化配息率衝破12%！「含積ETF」00923最,YesHi,: 直接買gg不就賺的比這etf還多了,推
https://www.ptt.cc/bbs/Stock/M.1770105028.A.F9F.html,[新聞] 年化配息率衝破12%！「含積ETF」00923最,FatFatQQ,: 12？,→
https://www.ptt.cc/bbs/Stock/M.1770105028.A.F9F.html,[新聞] 年化配息率衝破12%！「含積ETF」00923最,mig,: 含這麼少,推
https://www.ptt.cc/bbs/Stock/M.1770105028.A.F9F.html,[新聞] 年化配息率衝破12%！「含積ETF」00923最,HiuAnOP,: 二代健保感謝您,推
https://www.ptt.cc/bbs/Stock/M.1770105028.A.F9F.html,[新聞] 年化配息率衝破12%！「含積ETF」00923最,Fezico,: 左,推
https://www.ptt.cc/bbs/Stock/M.1770105028.A.F9F.html,[新聞] 年化配息率衝破12%！「含積ETF」00923最,Gipmydanger,: 含頭嗎？,推
https://www.ptt.cc/bbs/Stock/M.1770105028.A.F9F.html,[新聞] 年化配息率衝破12%！「含積ETF」00923最,Like5566Like,: 直接買GG 含G100趴就好 還不用被投信抽,推
https://www.ptt.cc/bbs/Stock/M.1770105028.A.F9F.html,[新聞] 年化配息率衝破12%！「含積ETF」00923最,bing6715,: 這隻很神,推
https://www.ptt.cc/bbs/Stock/M.1770105028.A.F9F.html,[新聞] 年化配息率衝破12%！「含積ETF」00923最,junior020486,: 四成幹嘛？0052就好了,推
https://www.ptt.cc/bbs/Stock/M.1770105028.A.F9F.html,[新聞] 年化配息率衝破12%！「含積ETF」00923最,junior020486,: 科技股00662、00830、0052隨便買,推
https://www.ptt.cc/bbs/Stock/M.1770105028.A.F9F.html,[新聞] 年化配息率衝破12%！「含積ETF」00923最,a210510,: 這隻是ESG,推
https://www.ptt.cc/bbs/Stock/M.1770105028.A.F9F.html,[新聞] 年化配息率衝破12%！「含積ETF」00923最,cutekenny,: 這隻對手是00922,推
https://www.ptt.cc/bbs/Stock/M.1770105028.A.F9F.html,[新聞] 年化配息率衝破12%！「含積ETF」00923最,phegg,: 很多都是配資本利得吧 惡代建寶扣不到,→
https://www.ptt.cc/bbs/Stock/M.1770105028.A.F9F.html,[新聞] 年化配息率衝破12%！「含積ETF」00923最,tamynumber1,: 含雞量,→
https://www.ptt.cc/bbs/Stock/M.1770105028.A.F9F.html,[新聞] 年化配息率衝破12%！「含積ETF」00923最,hcwang1126,: 含睡？,推
https://www.ptt.cc/bbs/Stock/M.1770107587.A.FED.html,[標的] 2330台積電,cuteme5566,: 我分析明天開始鎖漲停，應該鎖到3月初,推
https://www.ptt.cc/bbs/Stock/M.1770107587.A.FED.html,[標的] 2330台積電,FOREVER49KG,: 台積電不用問,推
https://www.ptt.cc/bbs/Stock/M.1770107587.A.FED.html,[標的] 2330台積電,ericf129,: 沒人在賣台積電的 問就是買買買,推
https://www.ptt.cc/bbs/Stock/M.1770107587.A.FED.html,[標的] 2330台積電,mopa,: 我自己覺得，你是技術分析離場，就技術分析出場,推
https://www.ptt.cc/bbs/Stock/M.1770107587.A.FED.html,[標的] 2330台積電,grotwpig645,: 買台積有人在賣的？,推
https://www.ptt.cc/bbs/Stock/M.1770107587.A.FED.html,[標的] 2330台積電,mopa,: 進場,→
https://www.ptt.cc/bbs/Stock/M.1770107587.A.FED.html,[標的] 2330台積電,adamk2,: 2000以下閉著眼睛買 鼻要再問了,推
https://www.ptt.cc/bbs/Stock/M.1770107587.A.FED.html,[標的] 2330台積電,westmoney,: 一樓有料，聽他的,推
https://www.ptt.cc/bbs/Stock/M.1770107587.A.FED.html,[標的] 2330台積電,andy87115,: 我都當中華電信一樣放著不理他,→
https://www.ptt.cc/bbs/Stock/M.1770107587.A.FED.html,[標的] 2330台積電,imlucky,: 44444444444444TSM還要問喔,→
https://www.ptt.cc/bbs/Stock/M.1770107587.A.FED.html,[標的] 2330台積電,mamorui,: GG可以分析嗎？  是高手,推
https://www.ptt.cc/bbs/Stock/M.1770107587.A.FED.html,[標的] 2330台積電,imlucky,: 說個笑話 有人把台積電賣掉惹,→
https://www.ptt.cc/bbs/Stock/M.1770107587.A.FED.html,[標的] 2330台積電,AndyMAX,: https://i.imgur.com/XDVuSaM.jpeg,推
https://www.ptt.cc/bbs/Stock/M.1770107587.A.FED.html,[標的] 2330台積電,wicer,: 同4樓,推
https://www.ptt.cc/bbs/Stock/M.1770107587.A.FED.html,[標的] 2330台積電,pns215,: 你是不是被哲哲嚇到怕,推
https://www.ptt.cc/bbs/Stock/M.1770107587.A.FED.html,[標的] 2330台積電,Gipmydanger,: 你很棒,推
https://www.ptt.cc/bbs/Stock/M.1770107587.A.FED.html,[標的] 2330台積電,rexwis,: 一點主見也沒有 難道你沒有自發性嗎 再說一次,→
https://www.ptt.cc/bbs/Stock/M.1770107587.A.FED.html,[標的] 2330台積電,Logleader,: 買了就會跌 賣了就會漲,→
https://www.ptt.cc/bbs/Stock/M.1770107587.A.FED.html,[標的] 2330台積電,xd4664,: 站回當然要買回來啊 老王說過多少次了,推
https://www.ptt.cc/bbs/Stock/M.1770107587.A.FED.html,[標的] 2330台積電,gtaped05550,: 會到兩千 你賣掉了？ 買不回來了,→
https://www.ptt.cc/bbs/Stock/M.1770107587.A.FED.html,[標的] 2330台積電,ma721,: 賣飛別買回,→
https://www.ptt.cc/bbs/Stock/M.1770107587.A.FED.html,[標的] 2330台積電,wr,: 什麼線不線的不要看,→
https://www.ptt.cc/bbs/Stock/M.1770107587.A.FED.html,[標的] 2330台積電,gtaped05550,: 你已經買不回來了 成本又更高了 又被收一層手續費,→
https://www.ptt.cc/bbs/Stock/M.1770107587.A.FED.html,[標的] 2330台積電,gtaped05550,: 你知道你多虧多少錢了嗎？ 好幾萬啊,→
https://www.ptt.cc/bbs/Stock/M.1770107587.A.FED.html,[標的] 2330台積電,fujioqq,: 這家公司的獲利能力 你自己思考吧 認同就買9股,推
https://www.ptt.cc/bbs/Stock/M.1770107587.A.FED.html,[標的] 2330台積電,gtaped05550,: 少賺就是賠錢,→
https://www.ptt.cc/bbs/Stock/M.1770107587.A.FED.html,[標的] 2330台積電,glthe1,: 賺三百萬你就滿足了喔,噓
https://www.ptt.cc/bbs/Stock/M.1770107587.A.FED.html,[標的] 2330台積電,Oskar,: 分享GG同學提供的財富密碼： 2330 2030 3000,推
https://www.ptt.cc/bbs/Stock/M.1770107587.A.FED.html,[標的] 2330台積電,patri0052,: 年底兩千 你在哪進進出出的幹嘛,推
https://www.ptt.cc/bbs/Stock/M.1770107587.A.FED.html,[標的] 2330台積電,CozyCloud,: 買不回來 放棄吧,推
https://www.ptt.cc/bbs/Stock/M.1770107587.A.FED.html,[標的] 2330台積電,jackydon,: 你是不是看了哲哲的影片？,推
https://www.ptt.cc/bbs/Stock/M.1770107587.A.FED.html,[標的] 2330台積電,h889006665,: 2000以下是,推
https://www.ptt.cc/bbs/Stock/M.1770107587.A.FED.html,[標的] 2330台積電,k1222,: 要賣就賣 要追就追 自己看好就好,推
https://www.ptt.cc/bbs/Stock/M.1770107587.A.FED.html,[標的] 2330台積電,krkrjjjpp,: 台機就是錢一直丟進去，偶爾賣個零股出來買迷因股,推
https://www.ptt.cc/bbs/Stock/M.1770107587.A.FED.html,[標的] 2330台積電,krkrjjjpp,: 滿足自己的賭博心，這樣就好了,→
https://www.ptt.cc/bbs/Stock/M.1770107587.A.FED.html,[標的] 2330台積電,as3366700,: 除非房子被東風打到 不然是不可能賣GG的,推
https://www.ptt.cc/bbs/Stock/M.1770107587.A.FED.html,[標的] 2330台積電,joe2,: https://i.imgur.com/VH1UVjF.jpeg,推
https://www.ptt.cc/bbs/Stock/M.1770107587.A.FED.html,[標的] 2330台積電,maimss,: 認錯買回啊，賣飛就買回來啊,噓
https://www.ptt.cc/bbs/Stock/M.1770107587.A.FED.html,[標的] 2330台積電,a0429,: 請樓下附上 皓哥的台積電股價圖......,→
https://www.ptt.cc/bbs/Stock/M.1770107587.A.FED.html,[標的] 2330台積電,maimss,: 我賣飛三張，我就補6張回來，現在已經15張了,→
https://www.ptt.cc/bbs/Stock/M.1770107587.A.FED.html,[標的] 2330台積電,Lexus,: 1465T已經忍不住表示還太菜定性不夠,推
https://www.ptt.cc/bbs/Stock/M.1770107587.A.FED.html,[標的] 2330台積電,maimss,: 賣飛幾張就加碼兩倍張數回來,→
https://www.ptt.cc/bbs/Stock/M.1770107587.A.FED.html,[標的] 2330台積電,gk1329,: 4444,推
https://www.ptt.cc/bbs/Stock/M.1770107587.A.FED.html,[標的] 2330台積電,Lexus,: 1460,→
https://www.ptt.cc/bbs/Stock/M.1770107587.A.FED.html,[標的] 2330台積電,hg761109,: 為什麼還有人會賣台積電呢，先看看大股東是誰,推
https://www.ptt.cc/bbs/Stock/M.1770107587.A.FED.html,[標的] 2330台積電,homerunball,: 賣一張補十張 大guy4john,推
https://www.ptt.cc/bbs/Stock/M.1770107587.A.FED.html,[標的] 2330台積電,gtaped05550,: 你已經買不回來了 虧損已經造成了,推
https://www.ptt.cc/bbs/Stock/M.1770107587.A.FED.html,[標的] 2330台積電,azhu,: 2000以下都是禮物,→
https://www.ptt.cc/bbs/Stock/M.1770107587.A.FED.html,[標的] 2330台積電,cage820518,: 是，頂多被騙線一次,→
https://www.ptt.cc/bbs/Stock/M.1770107587.A.FED.html,[標的] 2330台積電,jery1017,: 謝謝倒出來,推
https://www.ptt.cc/bbs/Stock/M.1770107587.A.FED.html,[標的] 2330台積電,BlueBird5566,: 請改［標的］,噓
https://www.ptt.cc/bbs/Stock/M.1770107587.A.FED.html,[標的] 2330台積電,v531653,: 台積電沒在賣的,→
https://www.ptt.cc/bbs/Stock/M.1770107587.A.FED.html,[標的] 2330台積電,mnxzq,: 月線就是歐印 誰月線賣股啦 超好笑,推
https://www.ptt.cc/bbs/Stock/M.1770107587.A.FED.html,[標的] 2330台積電,keigo800004,: 直接跳空回1835，讓你買進成本墊高.....,推
https://www.ptt.cc/bbs/Stock/M.1770107587.A.FED.html,[標的] 2330台積電,hg761109,: 台灣加權指大部分也都在台積電，政府不會讓他倒啦，,→
https://www.ptt.cc/bbs/Stock/M.1770107587.A.FED.html,[標的] 2330台積電,hg761109,: 閉著眼睛一直買就對了,→
https://www.ptt.cc/bbs/Stock/M.1770107587.A.FED.html,[標的] 2330台積電,loopdiuretic,: 抖一下就問你最好1460抱得到現在 還在作夢喔,噓
https://www.ptt.cc/bbs/Stock/M.1770107587.A.FED.html,[標的] 2330台積電,gtaped05550,: 超級好笑 月線賣台積電,→
https://www.ptt.cc/bbs/Stock/M.1770107587.A.FED.html,[標的] 2330台積電,nidhogg,: 還有信心，鼻子摸摸買回來啊,推
https://www.ptt.cc/bbs/Stock/M.1770107587.A.FED.html,[標的] 2330台積電,cheedo,: 買賣要聽別人意見 去包尿布啦,推
https://www.ptt.cc/bbs/Stock/M.1770107587.A.FED.html,[標的] 2330台積電,yellone741,: 買台積有人在看技術分析喔….,→
https://www.ptt.cc/bbs/Stock/M.1770107587.A.FED.html,[標的] 2330台積電,glmkk,: 我2000才考慮賣,推
https://www.ptt.cc/bbs/Stock/M.1770107587.A.FED.html,[標的] 2330台積電,cowaksor,: 快買喔不然以後一張五百萬,推
https://www.ptt.cc/bbs/Stock/M.1770107587.A.FED.html,[標的] 2330台積電,virgolibra,: https://i.imgur.com/3HWhpXZ.jpeg,推
https://www.ptt.cc/bbs/Stock/M.1770107587.A.FED.html,[標的] 2330台積電,abc0922001,: 1765 覺得高，1800想買回來哈哈哈,推
https://www.ptt.cc/bbs/Stock/M.1770107587.A.FED.html,[標的] 2330台積電,cps80655,: TSMC到底為什麼要賣??,推
https://www.ptt.cc/bbs/Stock/M.1770107587.A.FED.html,[標的] 2330台積電,b9513227,: https://i.imgur.com/0NOUj5k.jpeg,→
https://www.ptt.cc/bbs/Stock/M.1770107587.A.FED.html,[標的] 2330台積電,virgolibra,: https://i.imgur.com/2tcZg14.jpeg,→
https://www.ptt.cc/bbs/Stock/M.1770107587.A.FED.html,[標的] 2330台積電,cdwater,: 大家不是都說兩千嗎,推
https://www.ptt.cc/bbs/Stock/M.1770107587.A.FED.html,[標的] 2330台積電,HarukaLM,: GG 2000以上才賣,推
https://www.ptt.cc/bbs/Stock/M.1770107587.A.FED.html,[標的] 2330台積電,dirk007,: 為什麼要賣呢,推
https://www.ptt.cc/bbs/Stock/M.1770107587.A.FED.html,[標的] 2330台積電,iwcuforever,: 台灣已經沒有更強的公司了,推
https://www.ptt.cc/bbs/Stock/M.1770107587.A.FED.html,[標的] 2330台積電,cheedo,: 我那時候500買聽人600賣 現在好了買不回來了,推
https://www.ptt.cc/bbs/Stock/M.1770107587.A.FED.html,[標的] 2330台積電,apolloapollo,: 上看3000,推
https://www.ptt.cc/bbs/Stock/M.1770107587.A.FED.html,[標的] 2330台積電,gtaped05550,: 全世界Ai都需要台積電,推
https://www.ptt.cc/bbs/Stock/M.1770107587.A.FED.html,[標的] 2330台積電,cuteme5566,: 台積電地板價5000,→
https://www.ptt.cc/bbs/Stock/M.1770107587.A.FED.html,[標的] 2330台積電,qweertyui891,: 讓大家有機會撿鑽石 功德無量,推
https://www.ptt.cc/bbs/Stock/M.1770107587.A.FED.html,[標的] 2330台積電,s58565254,: 就是all in,推
https://www.ptt.cc/bbs/Stock/M.1770107587.A.FED.html,[標的] 2330台積電,ethan0419,: 多買一點,推
https://www.ptt.cc/bbs/Stock/M.1770107587.A.FED.html,[標的] 2330台積電,Sweet83921,: 邏輯上來說 要買回來,推
https://www.ptt.cc/bbs/Stock/M.1770107587.A.FED.html,[標的] 2330台積電,bensoncms,: 買的理由是什麼,推
https://www.ptt.cc/bbs/Stock/M.1770107587.A.FED.html,[標的] 2330台積電,xperiaxa,: 笑死 萬一2028漲到3300不香嗎,→
https://www.ptt.cc/bbs/Stock/M.1770107587.A.FED.html,[標的] 2330台積電,virgolibra,: https://i.imgur.com/slL4AYB.jpeg,推
https://www.ptt.cc/bbs/Stock/M.1770107587.A.FED.html,[標的] 2330台積電,stock858,: GG現貨不賣的啦。真的手癢推薦操作GG期貨，前幾天回,推
https://www.ptt.cc/bbs/Stock/M.1770107587.A.FED.html,[標的] 2330台積電,stock858,: 檔賠一次，平倉後現在就很安份繼續抱著GG現貨...,→
https://www.ptt.cc/bbs/Stock/M.1770107587.A.FED.html,[標的] 2330台積電,junior020486,: 好了啦，有賺就好了,推
https://www.ptt.cc/bbs/Stock/M.1770107587.A.FED.html,[標的] 2330台積電,rz2x,: 你比我賣正2還韭,推
https://www.ptt.cc/bbs/Stock/M.1770107587.A.FED.html,[標的] 2330台積電,Skydier,: 買這支還進進出出幹嘛 = =?,推
https://www.ptt.cc/bbs/Stock/M.1770107587.A.FED.html,[標的] 2330台積電,a76126,: 買拉 哪次不買 閉著眼買下去,推
https://www.ptt.cc/bbs/Stock/M.1770107587.A.FED.html,[標的] 2330台積電,LipaCat5566,: 剩幾個交易日封關破新高好過年還是大回檔哪個比較有,→
https://www.ptt.cc/bbs/Stock/M.1770107587.A.FED.html,[標的] 2330台積電,LipaCat5566,: 可能就怎麼做吧,→
https://www.ptt.cc/bbs/Stock/M.1770107587.A.FED.html,[標的] 2330台積電,dbdudsorj,: 這隻股票不適用技術分析,噓
https://www.ptt.cc/bbs/Stock/M.1770107587.A.FED.html,[標的] 2330台積電,u9596g12,: 賣飛認錯買回不可恥啊 小兒不是示範過了,推
https://www.ptt.cc/bbs/Stock/M.1770107587.A.FED.html,[標的] 2330台積電,a281393,: 台積電有人在賣的哦？,推
https://www.ptt.cc/bbs/Stock/M.1770107587.A.FED.html,[標的] 2330台積電,winken2004,: 睏霸數錢不用看,推
https://www.ptt.cc/bbs/Stock/M.1770107587.A.FED.html,[標的] 2330台積電,speady,: 等小兒大買再賣,推
https://www.ptt.cc/bbs/Stock/M.1770107587.A.FED.html,[標的] 2330台積電,jason613,: 垃圾外資喊垃圾居目標2330,推
https://www.ptt.cc/bbs/Stock/M.1770107587.A.FED.html,[標的] 2330台積電,centaurjr,: 台積電看甚麼缺口 根本沒用,推
https://www.ptt.cc/bbs/Stock/M.1770107587.A.FED.html,[標的] 2330台積電,mianbowhow,: 台積電只有買進的選項,推
https://www.ptt.cc/bbs/Stock/M.1770107587.A.FED.html,[標的] 2330台積電,centaurjr,: 自己回測每個月有幾個缺口,→
https://www.ptt.cc/bbs/Stock/M.1770107587.A.FED.html,[標的] 2330台積電,Sweet83921,: 是誰要你賣台積電的？ 迦南大師？,→
https://www.ptt.cc/bbs/Stock/M.1770107587.A.FED.html,[標的] 2330台積電,u9596g12,: 嘉南大師害我笑出來,推
https://www.ptt.cc/bbs/Stock/M.1770107587.A.FED.html,[標的] 2330台積電,EvilJustice,: 古錐,推
https://www.ptt.cc/bbs/Stock/M.1770107587.A.FED.html,[標的] 2330台積電,followwar,: 問就是buy and hold tsm,推
https://www.ptt.cc/bbs/Stock/M.1770107587.A.FED.html,[標的] 2330台積電,appledick,: 2000再來講好嗎 問三小,→
https://www.ptt.cc/bbs/Stock/M.1770107587.A.FED.html,[標的] 2330台積電,tsai18,: 台積電不用看什麼線 無腦多就對了,推
https://www.ptt.cc/bbs/Stock/M.1770107587.A.FED.html,[標的] 2330台積電,Imgoodjob,: GG有需要分析嗎,推
https://www.ptt.cc/bbs/Stock/M.1770107587.A.FED.html,[標的] 2330台積電,Xration,: 技術分析台積電 基本上跟擦鞋童一樣,→
https://www.ptt.cc/bbs/Stock/M.1770107587.A.FED.html,[標的] 2330台積電,blackbox,: 2330目標價2330擺在那邊,推
https://www.ptt.cc/bbs/Stock/M.1770107587.A.FED.html,[標的] 2330台積電,kiversonx17,: 說個笑話 賣台積,推
https://www.ptt.cc/bbs/Stock/M.1770107587.A.FED.html,[標的] 2330台積電,GingFreecss,: Ok,→
https://www.ptt.cc/bbs/Stock/M.1770107587.A.FED.html,[標的] 2330台積電,mg14999,: https://i.imgur.com/mJsSm0X.jpeg,→
https://www.ptt.cc/bbs/Stock/M.1770107587.A.FED.html,[標的] 2330台積電,lucky466,: 趕快追,推
https://www.ptt.cc/bbs/Stock/M.1770107587.A.FED.html,[標的] 2330台積電,cphe,: 台積通常盤一段時間會小幅回檔    等等再進場,推
https://www.ptt.cc/bbs/Stock/M.1770107587.A.FED.html,[標的] 2330台積電,spartaucs896,: 忙啥,噓
https://www.ptt.cc/bbs/Stock/M.1770107587.A.FED.html,[標的] 2330台積電,PEMFC,: 連杜大師都賣飛，主力不會讓你有回補的機會,推
https://www.ptt.cc/bbs/Stock/M.1770107587.A.FED.html,[標的] 2330台積電,ayumiowen,: 2026還有人在賣台積電……,推
https://www.ptt.cc/bbs/Stock/M.1770107587.A.FED.html,[標的] 2330台積電,brian040818,: 積積今天跳空就漲多少了 暫時別追了,→
https://www.ptt.cc/bbs/Stock/M.1770107587.A.FED.html,[標的] 2330台積電,Wallen,: 明天就1845了,→
https://www.ptt.cc/bbs/Stock/M.1770107587.A.FED.html,[標的] 2330台積電,joygo,: 買台積其實買的是台灣的國運 台積不行的話 台股也,→
https://www.ptt.cc/bbs/Stock/M.1770107587.A.FED.html,[標的] 2330台積電,joygo,: 沒了,→
https://www.ptt.cc/bbs/Stock/M.1770107587.A.FED.html,[標的] 2330台積電,justiceyes,: 竟然還有人手上沒台積電？沒有還不快加入！,推
https://www.ptt.cc/bbs/Stock/M.1770107587.A.FED.html,[標的] 2330台積電,s90154aa,: 自己功課自己做好嗎,噓
https://www.ptt.cc/bbs/Stock/M.1770107587.A.FED.html,[標的] 2330台積電,dferww55,: 這一隻要看基本面，沒什麼好技術分析的,→
https://www.ptt.cc/bbs/Stock/M.1770107587.A.FED.html,[標的] 2330台積電,soulXdancer,: 沒台積至少也要有0050把,→
https://www.ptt.cc/bbs/Stock/M.1770107587.A.FED.html,[標的] 2330台積電,fallinlove15,: 你遲早要買的 又何必多問,→
https://www.ptt.cc/bbs/Stock/M.1770107587.A.FED.html,[標的] 2330台積電,dazzzlee,: 就算是線仙也沒有在台積電破10日線賣的…,推
https://www.ptt.cc/bbs/Stock/M.1770107587.A.FED.html,[標的] 2330台積電,s881720,: 上看3000 的 在那賭香腸,推
https://www.ptt.cc/bbs/Stock/M.1770107587.A.FED.html,[標的] 2330台積電,HuangJ,: 白忙一場,噓
https://www.ptt.cc/bbs/Stock/M.1770107587.A.FED.html,[標的] 2330台積電,ezreal1315,: 富士大有夠靠邀,推
https://www.ptt.cc/bbs/Stock/M.1770107587.A.FED.html,[標的] 2330台積電,strlen,: 不要,噓
https://www.ptt.cc/bbs/Stock/M.1770107587.A.FED.html,[標的] 2330台積電,plaay,: 兩個字  賣飛,→
https://www.ptt.cc/bbs/Stock/M.1770107587.A.FED.html,[標的] 2330台積電,plaay,: 長期增長率擺在哪，再買成本只會墊高,→
https://www.ptt.cc/bbs/Stock/M.1770107587.A.FED.html,[標的] 2330台積電,IndyChen,: 相信台積電就是接近ma20就買啊,→
https://www.ptt.cc/bbs/Stock/M.1770107587.A.FED.html,[標的] 2330台積電,opsoo,: 笑死,推
https://www.ptt.cc/bbs/Stock/M.1770107587.A.FED.html,[標的] 2330台積電,lucky466,: 2000再來追,推
https://www.ptt.cc/bbs/Stock/M.1770107587.A.FED.html,[標的] 2330台積電,Thomson1014,: 一樓正解,推
https://www.ptt.cc/bbs/Stock/M.1770107587.A.FED.html,[標的] 2330台積電,brian040818,: 1460到昨天 的確是第一次大回檔 賣飛也合理,→
https://www.ptt.cc/bbs/Stock/M.1770107587.A.FED.html,[標的] 2330台積電,esso78124,: 好個技術分析,推
https://www.ptt.cc/bbs/Stock/M.1770107587.A.FED.html,[標的] 2330台積電,capcombio,: 賺了300元價差才A一點就抱不住 沒發財命,推
https://www.ptt.cc/bbs/Stock/M.1770107587.A.FED.html,[標的] 2330台積電,CHINCHIN5566,: 月線給你加碼用的不是停利,→
https://www.ptt.cc/bbs/Stock/M.1770107587.A.FED.html,[標的] 2330台積電,pig33pig33,: 有賺就好,→
https://www.ptt.cc/bbs/Stock/M.1770107587.A.FED.html,[標的] 2330台積電,qpqp1,: 滿滿技術分析，結果賣飛還問鄉民，分析個毛,推
https://www.ptt.cc/bbs/Stock/M.1770107587.A.FED.html,[標的] 2330台積電,wiwyman,: 你快買 我要上車,推
https://www.ptt.cc/bbs/Stock/M.1770107587.A.FED.html,[標的] 2330台積電,patri0052,: 賣飛合理個屁 這隻就是技術沒落後不賣的,推
https://www.ptt.cc/bbs/Stock/M.1770107587.A.FED.html,[標的] 2330台積電,gginin7878,: 台積有在賣的？,噓
https://www.ptt.cc/bbs/Stock/M.1770107587.A.FED.html,[標的] 2330台積電,rgo,: 都賺還問個毛 想下車就下想再上車就買 這邊都是冥燈,推
https://www.ptt.cc/bbs/Stock/M.1770107587.A.FED.html,[標的] 2330台積電,rgo,: ，好不好？,→
https://www.ptt.cc/bbs/Stock/M.1770107587.A.FED.html,[標的] 2330台積電,Touber,: 我上一次賣飛台積在720懊悔不已，從此台積只買不賣,推
https://www.ptt.cc/bbs/Stock/M.1770107587.A.FED.html,[標的] 2330台積電,Touber,: ，給你參考。,→
https://www.ptt.cc/bbs/Stock/M.1770107587.A.FED.html,[標的] 2330台積電,mythwind,: 上看3000,推
https://www.ptt.cc/bbs/Stock/M.1770107587.A.FED.html,[標的] 2330台積電,noahlin,: 台積不用賣 價差抓對也賺不多 噴出去的風險比較高,推
https://www.ptt.cc/bbs/Stock/M.1770107587.A.FED.html,[標的] 2330台積電,ChikanDesu,: 來回抽插不只被偷點數 還被偷手續費跟稅 虧爛,推
https://www.ptt.cc/bbs/Stock/M.1770107587.A.FED.html,[標的] 2330台積電,myth0422,: 韭菜才賣GG,推
https://www.ptt.cc/bbs/Stock/M.1770107587.A.FED.html,[標的] 2330台積電,crohns,: https://i.imgur.com/VH1UVjF.jpeg,推
https://www.ptt.cc/bbs/Stock/M.1770107587.A.FED.html,[標的] 2330台積電,crohns,: https://i.meee.com.tw/pcMavN8.jpg,推
https://www.ptt.cc/bbs/Stock/M.1770108548.A.297.html,[新聞] 韓股破5千點「只是開始」？小摩：有望衝7,deepelves,: 這只是剛開始,推
https://www.ptt.cc/bbs/Stock/M.1770108548.A.297.html,[新聞] 韓股破5千點「只是開始」？小摩：有望衝7,ericf129,: 台灣記憶體不求50% 只求再漲30%可以嗎? QQ,推
https://www.ptt.cc/bbs/Stock/M.1770108548.A.297.html,[新聞] 韓股破5千點「只是開始」？小摩：有望衝7,lightson,: 小摩比大摩可信多了吧,推
https://www.ptt.cc/bbs/Stock/M.1770108548.A.297.html,[新聞] 韓股破5千點「只是開始」？小摩：有望衝7,wicer,: 蛤 小摩做超短耶 可信？,推
https://www.ptt.cc/bbs/Stock/M.1770108548.A.297.html,[新聞] 韓股破5千點「只是開始」？小摩：有望衝7,neilisme,: 是誰說國會不通過韓國要完蛋的....,推
https://www.ptt.cc/bbs/Stock/M.1770108548.A.297.html,[新聞] 韓股破5千點「只是開始」？小摩：有望衝7,adamk2,: 我只信小模 不信小摩,推
https://www.ptt.cc/bbs/Stock/M.1770108548.A.297.html,[新聞] 韓股破5千點「只是開始」？小摩：有望衝7,tom77588,: 樓下支援這只是剛開始勸世圖,推
https://www.ptt.cc/bbs/Stock/M.1770108548.A.297.html,[新聞] 韓股破5千點「只是開始」？小摩：有望衝7,poeoe,: 韓股ETF最近太舒服了 讚,推
https://www.ptt.cc/bbs/Stock/M.1770108548.A.297.html,[新聞] 韓股破5千點「只是開始」？小摩：有望衝7,bpq302302,: 富潮之下吳萬巒,推
https://www.ptt.cc/bbs/Stock/M.1770108548.A.297.html,[新聞] 韓股破5千點「只是開始」？小摩：有望衝7,asdfonly,: 長江存儲新聞沒傳到韓國?,推
https://www.ptt.cc/bbs/Stock/M.1770108548.A.297.html,[新聞] 韓股破5千點「只是開始」？小摩：有望衝7,centaurjr,: 小摩不是每次都短沖嗎...哪裡可信XD,→
https://www.ptt.cc/bbs/Stock/M.1770108548.A.297.html,[新聞] 韓股破5千點「只是開始」？小摩：有望衝7,appledick,: 這種新聞出來就知道了,→
https://www.ptt.cc/bbs/Stock/M.1770108548.A.297.html,[新聞] 韓股破5千點「只是開始」？小摩：有望衝7,squeakywheel,: 某族群：韓國舔中崩潰 嘻嘻嘻嘻嘻,推
https://www.ptt.cc/bbs/Stock/M.1770108548.A.297.html,[新聞] 韓股破5千點「只是開始」？小摩：有望衝7,poeoe,: 韓國真的靠AI時代賣記憶體爽賺 三星今天直接漲了11%,推
https://www.ptt.cc/bbs/Stock/M.1770108548.A.297.html,[新聞] 韓股破5千點「只是開始」？小摩：有望衝7,mopa,: 沒有一個外資說的話是可信的,推
https://www.ptt.cc/bbs/Stock/M.1770108548.A.297.html,[新聞] 韓股破5千點「只是開始」？小摩：有望衝7,ma721,: hbm關長江屁事,→
https://www.ptt.cc/bbs/Stock/M.1770108548.A.297.html,[新聞] 韓股破5千點「只是開始」？小摩：有望衝7,westmoney,: 歐巴表示：欸不是，小摩你…,推
https://www.ptt.cc/bbs/Stock/M.1770108548.A.297.html,[新聞] 韓股破5千點「只是開始」？小摩：有望衝7,dbdudsorj,: 韓股出貨文,推
https://www.ptt.cc/bbs/Stock/M.1770108548.A.297.html,[新聞] 韓股破5千點「只是開始」？小摩：有望衝7,pz5202,: 不如買2330,→
https://www.ptt.cc/bbs/Stock/M.1770108548.A.297.html,[新聞] 韓股破5千點「只是開始」？小摩：有望衝7,waynn1215,: 小摩發報告出貨比大摩還狠欸,→
https://www.ptt.cc/bbs/Stock/M.1770108548.A.297.html,[新聞] 韓股破5千點「只是開始」？小摩：有望衝7,lee0437,: 反著看,推
https://www.ptt.cc/bbs/Stock/M.1770108548.A.297.html,[新聞] 韓股破5千點「只是開始」？小摩：有望衝7,FatFatQQ,: 韓國掌握AI之鑰 bull謝 氣噗噗,→
https://www.ptt.cc/bbs/Stock/M.1770108548.A.297.html,[新聞] 韓股破5千點「只是開始」？小摩：有望衝7,d06,: 好 歐印 EWY,→
https://www.ptt.cc/bbs/Stock/M.1770108548.A.297.html,[新聞] 韓股破5千點「只是開始」？小摩：有望衝7,FatFatQQ,: 韓股漲停 舔中才是王道,→
https://www.ptt.cc/bbs/Stock/M.1770108548.A.297.html,[新聞] 韓股破5千點「只是開始」？小摩：有望衝7,afflic,: 居然沒有投信出韓股ETF??,推
https://www.ptt.cc/bbs/Stock/M.1770109419.A.B33.html,[新聞] Switch 2銷量刷新紀錄 任天堂上修財測,benen,: 今年一定_,→
https://www.ptt.cc/bbs/Stock/M.1770109419.A.B33.html,[新聞] Switch 2銷量刷新紀錄 任天堂上修財測,lightson,: 99旺宏,推
https://www.ptt.cc/bbs/Stock/M.1770109419.A.B33.html,[新聞] Switch 2銷量刷新紀錄 任天堂上修財測,apolloapollo,: 金島,推
https://www.ptt.cc/bbs/Stock/M.1770109419.A.B33.html,[新聞] Switch 2銷量刷新紀錄 任天堂上修財測,GivemeApen,: 今年一定島,推
https://www.ptt.cc/bbs/Stock/M.1770109419.A.B33.html,[新聞] Switch 2銷量刷新紀錄 任天堂上修財測,mrkg0626,: 99鴻準,推
https://www.ptt.cc/bbs/Stock/M.1770109419.A.B33.html,[新聞] Switch 2銷量刷新紀錄 任天堂上修財測,syk1104,": 一律不再信什麼任天堂概念股,森77",推
https://www.ptt.cc/bbs/Stock/M.1770109419.A.B33.html,[新聞] Switch 2銷量刷新紀錄 任天堂上修財測,deepelves,: 股價高點先於獲利創新高出現，今年一定島,推
https://www.ptt.cc/bbs/Stock/M.1770109419.A.B33.html,[新聞] Switch 2銷量刷新紀錄 任天堂上修財測,woker,: 等百變怪類動森上場,推
https://www.ptt.cc/bbs/Stock/M.1770109419.A.B33.html,[新聞] Switch 2銷量刷新紀錄 任天堂上修財測,benen,: 某族群：主機漲價、搞金鑰卡、對台灣不友善的公司,噓
https://www.ptt.cc/bbs/Stock/M.1770109419.A.B33.html,[新聞] Switch 2銷量刷新紀錄 任天堂上修財測,benen,: ，今年一定倒！！！！,→
https://www.ptt.cc/bbs/Stock/M.1770109419.A.B33.html,[新聞] Switch 2銷量刷新紀錄 任天堂上修財測,tw411001,: 99旺,→
https://www.ptt.cc/bbs/Stock/M.1770109419.A.B33.html,[新聞] Switch 2銷量刷新紀錄 任天堂上修財測,thetide0512,: 99原相,推
https://www.ptt.cc/bbs/Stock/M.1770109419.A.B33.html,[新聞] Switch 2銷量刷新紀錄 任天堂上修財測,bpq302302,: 不島,推
https://www.ptt.cc/bbs/Stock/M.1770109419.A.B33.html,[新聞] Switch 2銷量刷新紀錄 任天堂上修財測,loom0et0bust,: 沒有AI通通蛋雕,→
https://www.ptt.cc/bbs/Stock/M.1770109419.A.B33.html,[新聞] Switch 2銷量刷新紀錄 任天堂上修財測,bairn,: 有什麼好玩的遊戲？,噓
https://www.ptt.cc/bbs/Stock/M.1770109419.A.B33.html,[新聞] Switch 2銷量刷新紀錄 任天堂上修財測,strlen,: 根本沒遊戲 大家買主機到底幹嘛,→
https://www.ptt.cc/bbs/Stock/M.1770109419.A.B33.html,[新聞] Switch 2銷量刷新紀錄 任天堂上修財測,julian816,: 99原相啊，套好久了,→
https://www.ptt.cc/bbs/Stock/M.1770109419.A.B33.html,[新聞] Switch 2銷量刷新紀錄 任天堂上修財測,mumuwei,: 以後都改鑰匙卡 怎麼9旺宏xd,→
https://www.ptt.cc/bbs/Stock/M.1770109419.A.B33.html,[新聞] Switch 2銷量刷新紀錄 任天堂上修財測,kload,: 不先把主機買起來之後就要漲價了,推
https://www.ptt.cc/bbs/Stock/M.1770109419.A.B33.html,[新聞] Switch 2銷量刷新紀錄 任天堂上修財測,leo3258,: 比起家機玩家 pc玩家更慘 顯卡記憶體內存又漲 看看,→
https://www.ptt.cc/bbs/Stock/M.1770109419.A.B33.html,[新聞] Switch 2銷量刷新紀錄 任天堂上修財測,leo3258,: 御三家股價 免洗手游跟博弈更好賺啊,→
https://www.ptt.cc/bbs/Stock/M.1770109419.A.B33.html,[新聞] Switch 2銷量刷新紀錄 任天堂上修財測,ab4daa,: 島,推
https://www.ptt.cc/bbs/Stock/M.1770109419.A.B33.html,[新聞] Switch 2銷量刷新紀錄 任天堂上修財測,henrk,: 專用的sd記憶卡一直降價，真的有賣很好嗎??,→
https://www.ptt.cc/bbs/Stock/M.1770109419.A.B33.html,[新聞] Switch 2銷量刷新紀錄 任天堂上修財測,s58565254,: Switch又沒什麼遊戲玩還能刷紀錄,推
https://www.ptt.cc/bbs/Stock/M.1770109419.A.B33.html,[新聞] Switch 2銷量刷新紀錄 任天堂上修財測,bhenry1990,: 縱容,推
https://www.ptt.cc/bbs/Stock/M.1770109419.A.B33.html,[新聞] Switch 2銷量刷新紀錄 任天堂上修財測,hcwang1126,: 99意騰,推
https://www.ptt.cc/bbs/Stock/M.1770109419.A.B33.html,[新聞] Switch 2銷量刷新紀錄 任天堂上修財測,lovehan,: 旺宏噴？,→
https://www.ptt.cc/bbs/Stock/M.1770109419.A.B33.html,[新聞] Switch 2銷量刷新紀錄 任天堂上修財測,lovehan,: 聖火降魔錄聖戰系譜吧，不過沒上架Switch。  XD,→
https://www.ptt.cc/bbs/Stock/M.1770109419.A.B33.html,[新聞] Switch 2銷量刷新紀錄 任天堂上修財測,cymtrex,: 國際問題 你美國一句話就能解決，在那邊假惺惺,推
https://www.ptt.cc/bbs/Stock/M.1770109419.A.B33.html,[新聞] Switch 2銷量刷新紀錄 任天堂上修財測,tamynumber1,: 今島 不思,推
https://www.ptt.cc/bbs/Stock/M.1770109419.A.B33.html,[新聞] Switch 2銷量刷新紀錄 任天堂上修財測,antiSOC,: 寶可夢30 99鴻準,推
https://www.ptt.cc/bbs/Stock/M.1770109419.A.B33.html,[新聞] Switch 2銷量刷新紀錄 任天堂上修財測,jim272272,: 這是逼通路商備貨的數字嗎  沒幾款遊戲是要買什麼,→
https://www.ptt.cc/bbs/Stock/M.1770109419.A.B33.html,[新聞] Switch 2銷量刷新紀錄 任天堂上修財測,shiftsmart,: 旺宏,推
https://www.ptt.cc/bbs/Stock/M.1770109419.A.B33.html,[新聞] Switch 2銷量刷新紀錄 任天堂上修財測,Barefoot24,: 記憶體價格、關稅等的負面因素其他家一樣受影響，,推
https://www.ptt.cc/bbs/Stock/M.1770109419.A.B33.html,[新聞] Switch 2銷量刷新紀錄 任天堂上修財測,Barefoot24,: 不如說索軟因此晚推出新主機，任天堂又吃紅利才是,→
https://www.ptt.cc/bbs/Stock/M.1770109419.A.B33.html,[新聞] Switch 2銷量刷新紀錄 任天堂上修財測,Barefoot24,: 吧，跟疫情那時候一樣，實在運氣很好,→
https://www.ptt.cc/bbs/Stock/M.1770109419.A.B33.html,[新聞] Switch 2銷量刷新紀錄 任天堂上修財測,perlone,: 旺宏 旺起來,推
https://www.ptt.cc/bbs/Stock/M.1770110818.A.B38.html,[標的] 2344華邦電 & 2408南亞科 多,grotwpig645,: 忠誠！,推
https://www.ptt.cc/bbs/Stock/M.1770110818.A.B38.html,[標的] 2344華邦電 & 2408南亞科 多,a11011788,: 夢裡都有,推
https://www.ptt.cc/bbs/Stock/M.1770110818.A.B38.html,[標的] 2344華邦電 & 2408南亞科 多,TroyeSivan,: 我覺得已經over了啦,推
https://www.ptt.cc/bbs/Stock/M.1770110818.A.B38.html,[標的] 2344華邦電 & 2408南亞科 多,ClannadGood,: 都快殺跌停了還有人在接喔笑死,噓
https://www.ptt.cc/bbs/Stock/M.1770110818.A.B38.html,[標的] 2344華邦電 & 2408南亞科 多,mumuwei,": ""低檔""換手 現在在低檔@@",推
https://www.ptt.cc/bbs/Stock/M.1770110818.A.B38.html,[標的] 2344華邦電 & 2408南亞科 多,billkira,: 一定會漲 但感覺是反彈,推
https://www.ptt.cc/bbs/Stock/M.1770110818.A.B38.html,[標的] 2344華邦電 & 2408南亞科 多,CHINCHIN5566,: 未來邦邦200元現在正是低檔滿倉時機,推
https://www.ptt.cc/bbs/Stock/M.1770110818.A.B38.html,[標的] 2344華邦電 & 2408南亞科 多,Xration,: 龍哥放空這兩黨 你對做？,→
https://www.ptt.cc/bbs/Stock/M.1770110818.A.B38.html,[標的] 2344華邦電 & 2408南亞科 多,brian040818,: 合理 會接籌碼就是還有最後一波,推
https://www.ptt.cc/bbs/Stock/M.1770110818.A.B38.html,[標的] 2344華邦電 & 2408南亞科 多,e73103999,: 還有一堆87在喊跟航運一樣,噓
https://www.ptt.cc/bbs/Stock/M.1770110818.A.B38.html,[標的] 2344華邦電 & 2408南亞科 多,ksuenjjr,: 套了一堆冤魂 還有戲嗎,推
https://www.ptt.cc/bbs/Stock/M.1770110818.A.B38.html,[標的] 2344華邦電 & 2408南亞科 多,Xration,: 記憶體is over 航運化,→
https://www.ptt.cc/bbs/Stock/M.1770110818.A.B38.html,[標的] 2344華邦電 & 2408南亞科 多,brian040818,: 這兩支今天很妙 明明能鎖卻不鎖,→
https://www.ptt.cc/bbs/Stock/M.1770110818.A.B38.html,[標的] 2344華邦電 & 2408南亞科 多,ship1228,: 沒了,推
https://www.ptt.cc/bbs/Stock/M.1770110818.A.B38.html,[標的] 2344華邦電 & 2408南亞科 多,ericf129,: 你的目標價我是覺得不太可能啦...但400 180有機會,推
https://www.ptt.cc/bbs/Stock/M.1770110818.A.B38.html,[標的] 2344華邦電 & 2408南亞科 多,heavensun,: 艷陽高照 洗盤完畢,→
https://www.ptt.cc/bbs/Stock/M.1770110818.A.B38.html,[標的] 2344華邦電 & 2408南亞科 多,Cartier,: 你在壯膽齁,推
https://www.ptt.cc/bbs/Stock/M.1770110818.A.B38.html,[標的] 2344華邦電 & 2408南亞科 多,jympin,: 複製航運 先幾根跌停再攻頂,推
https://www.ptt.cc/bbs/Stock/M.1770110818.A.B38.html,[標的] 2344華邦電 & 2408南亞科 多,perlone,: 今天爆大量就是有人接啊,→
https://www.ptt.cc/bbs/Stock/M.1770110818.A.B38.html,[標的] 2344華邦電 & 2408南亞科 多,lightson,: 你真的有看籌碼嗎?哪來散戶多殺多數錢,噓
https://www.ptt.cc/bbs/Stock/M.1770110818.A.B38.html,[標的] 2344華邦電 & 2408南亞科 多,slchao,": 350會突破mina防線, 太無情惹",→
https://www.ptt.cc/bbs/Stock/M.1770110818.A.B38.html,[標的] 2344華邦電 & 2408南亞科 多,sopie0991,: 夢裡什麼價格都有~,推
https://www.ptt.cc/bbs/Stock/M.1770110818.A.B38.html,[標的] 2344華邦電 & 2408南亞科 多,CCH2022,: 現在就是投機而已，互相比技術，看誰從對方口袋搶,推
https://www.ptt.cc/bbs/Stock/M.1770110818.A.B38.html,[標的] 2344華邦電 & 2408南亞科 多,CCH2022,: 錢,→
https://www.ptt.cc/bbs/Stock/M.1770110818.A.B38.html,[標的] 2344華邦電 & 2408南亞科 多,beta0907,: 記憶體就年前甩轎散戶 年後開噴讓散戶追不到 戲碼,→
https://www.ptt.cc/bbs/Stock/M.1770110818.A.B38.html,[標的] 2344華邦電 & 2408南亞科 多,beta0907,: 很常見,→
https://www.ptt.cc/bbs/Stock/M.1770110818.A.B38.html,[標的] 2344華邦電 & 2408南亞科 多,beta0907,: 所以華邦電跌停越要加碼！！！！！,→
https://www.ptt.cc/bbs/Stock/M.1770110818.A.B38.html,[標的] 2344華邦電 & 2408南亞科 多,odyssey,: 你的單？參考一下,推
https://www.ptt.cc/bbs/Stock/M.1770110818.A.B38.html,[標的] 2344華邦電 & 2408南亞科 多,proudC,: 華邦電350?!,→
https://www.ptt.cc/bbs/Stock/M.1770110818.A.B38.html,[標的] 2344華邦電 & 2408南亞科 多,s06i06,: 怎麼感覺上頭了..總之祝好運,推
https://www.ptt.cc/bbs/Stock/M.1770110818.A.B38.html,[標的] 2344華邦電 & 2408南亞科 多,slluu2,: 跟,→
https://www.ptt.cc/bbs/Stock/M.1770110818.A.B38.html,[標的] 2344華邦電 & 2408南亞科 多,sosoana,: 350？你要確定耶,推
https://www.ptt.cc/bbs/Stock/M.1770110818.A.B38.html,[標的] 2344華邦電 & 2408南亞科 多,PTTallener,: 記憶卡哇！,推
https://www.ptt.cc/bbs/Stock/M.1770110818.A.B38.html,[標的] 2344華邦電 & 2408南亞科 多,jinx55123,: 接了可以明天賣啊 跟今天搞同一招就好了 拉漲再倒,推
https://www.ptt.cc/bbs/Stock/M.1770110818.A.B38.html,[標的] 2344華邦電 & 2408南亞科 多,jinx55123,: 到底 下面再接起來還有人想接那後天再玩一次,→
https://www.ptt.cc/bbs/Stock/M.1770110818.A.B38.html,[標的] 2344華邦電 & 2408南亞科 多,Xration,: 沒單說個毛線,噓
https://www.ptt.cc/bbs/Stock/M.1770110818.A.B38.html,[標的] 2344華邦電 & 2408南亞科 多,minazukimaya,: 籌碼分析是要看分點數據 不是看成交量幻想故事,推
https://www.ptt.cc/bbs/Stock/M.1770110818.A.B38.html,[標的] 2344華邦電 & 2408南亞科 多,ShaoJi,: 華邦電350那是到年底的預估 到那時不知道還有沒有人,→
https://www.ptt.cc/bbs/Stock/M.1770110818.A.B38.html,[標的] 2344華邦電 & 2408南亞科 多,ShaoJi,: 記得來驗證我這篇,→
https://www.ptt.cc/bbs/Stock/M.1770110818.A.B38.html,[標的] 2344華邦電 & 2408南亞科 多,ggyy744,: 你又是什麼魚?,→
https://www.ptt.cc/bbs/Stock/M.1770110818.A.B38.html,[標的] 2344華邦電 & 2408南亞科 多,minazukimaya,: 你要說故事，至少要把分點數據拿出來解讀吧...,→
https://www.ptt.cc/bbs/Stock/M.1770110818.A.B38.html,[標的] 2344華邦電 & 2408南亞科 多,sal60614,: 沒單？,噓
https://www.ptt.cc/bbs/Stock/M.1770110818.A.B38.html,[標的] 2344華邦電 & 2408南亞科 多,magicgreet,: 縣在哪裡低檔XDD,推
https://www.ptt.cc/bbs/Stock/M.1770110818.A.B38.html,[標的] 2344華邦電 & 2408南亞科 多,Xration,: 驗證個屁 單都沒有,→
https://www.ptt.cc/bbs/Stock/M.1770110818.A.B38.html,[標的] 2344華邦電 & 2408南亞科 多,esso78124,: 350？認真嗎？,→
https://www.ptt.cc/bbs/Stock/M.1770110818.A.B38.html,[標的] 2344華邦電 & 2408南亞科 多,dulldog,: 單字貼出來,推
https://www.ptt.cc/bbs/Stock/M.1770110818.A.B38.html,[標的] 2344華邦電 & 2408南亞科 多,Xration,: 沒單都是唬爛 不負責,→
https://www.ptt.cc/bbs/Stock/M.1770110818.A.B38.html,[標的] 2344華邦電 & 2408南亞科 多,dulldog,: 單子貼出來XD,→
https://www.ptt.cc/bbs/Stock/M.1770110818.A.B38.html,[標的] 2344華邦電 & 2408南亞科 多,hank61910,: 剛發文又刪掉重發？,噓
https://www.ptt.cc/bbs/Stock/M.1770110818.A.B38.html,[標的] 2344華邦電 & 2408南亞科 多,gbman,: 明天一根又大又粗!!!,推
https://www.ptt.cc/bbs/Stock/M.1770110818.A.B38.html,[標的] 2344華邦電 & 2408南亞科 多,tttt0204,: 沒單就是騙別人但不騙自己，太陰險了,噓
https://www.ptt.cc/bbs/Stock/M.1770110818.A.B38.html,[標的] 2344華邦電 & 2408南亞科 多,odyssey,: 嘻我看你是空蛙假扮的齁,推
https://www.ptt.cc/bbs/Stock/M.1770110818.A.B38.html,[標的] 2344華邦電 & 2408南亞科 多,lan3695120,: 卡哇：躲處置啦嗚嗚嗚,推
https://www.ptt.cc/bbs/Stock/M.1770110818.A.B38.html,[標的] 2344華邦電 & 2408南亞科 多,hypoge,: 買個股票那麼多小故事,噓
https://www.ptt.cc/bbs/Stock/M.1770110818.A.B38.html,[標的] 2344華邦電 & 2408南亞科 多,hypoge,: 你是不是很恐慌,→
https://www.ptt.cc/bbs/Stock/M.1770110818.A.B38.html,[標的] 2344華邦電 & 2408南亞科 多,Karstens,: 記憶體is over,→
https://www.ptt.cc/bbs/Stock/M.1770110818.A.B38.html,[標的] 2344華邦電 & 2408南亞科 多,JKjohnwick,: 推,推
https://www.ptt.cc/bbs/Stock/M.1770110818.A.B38.html,[標的] 2344華邦電 & 2408南亞科 多,JKjohnwick,: 沒事啦，有些人也是賺錢就跑出來了,→
https://www.ptt.cc/bbs/Stock/M.1770110818.A.B38.html,[標的] 2344華邦電 & 2408南亞科 多,m3388,: 純給尊重,推
https://www.ptt.cc/bbs/Stock/M.1770110818.A.B38.html,[標的] 2344華邦電 & 2408南亞科 多,law105,: 今天是破線少賺先跑了，如果像你所說可以再觀察,推
https://www.ptt.cc/bbs/Stock/M.1770110818.A.B38.html,[標的] 2344華邦電 & 2408南亞科 多,harrychen413,: 沒單就是想騙卡哇尿尿的地方,→
https://www.ptt.cc/bbs/Stock/M.1770110818.A.B38.html,[標的] 2344華邦電 & 2408南亞科 多,BlueBird5566,: 剛剛是分類錯誤被板主刪掉,→
https://www.ptt.cc/bbs/Stock/M.1770110818.A.B38.html,[標的] 2344華邦電 & 2408南亞科 多,dwatau,: 記億體快變海綿體了,推
https://www.ptt.cc/bbs/Stock/M.1770110818.A.B38.html,[標的] 2344華邦電 & 2408南亞科 多,s8900117,: 早上太早買了,推
https://www.ptt.cc/bbs/Stock/M.1770110818.A.B38.html,[標的] 2344華邦電 & 2408南亞科 多,a210510,: 差不多了 對岸增產 其他大廠也在增產 營收創新高,→
https://www.ptt.cc/bbs/Stock/M.1770110818.A.B38.html,[標的] 2344華邦電 & 2408南亞科 多,a210510,: 開始推EPS本益比 看來高點到了,→
https://www.ptt.cc/bbs/Stock/M.1770110818.A.B38.html,[標的] 2344華邦電 & 2408南亞科 多,JTerry,: 這邊一堆人看衰就穩了,推
https://www.ptt.cc/bbs/Stock/M.1770110818.A.B38.html,[標的] 2344華邦電 & 2408南亞科 多,Xration,: 穩就重倉買進po單啊,推
https://www.ptt.cc/bbs/Stock/M.1770110818.A.B38.html,[標的] 2344華邦電 & 2408南亞科 多,a25042121,: 航運 營收持續創高算eps壯膽 那段時間有經歷過...,→
https://www.ptt.cc/bbs/Stock/M.1770110818.A.B38.html,[標的] 2344華邦電 & 2408南亞科 多,jack990568,: 目標價打個折應該還行,推
https://www.ptt.cc/bbs/Stock/M.1770110818.A.B38.html,[標的] 2344華邦電 & 2408南亞科 多,DonDonFans,: 所以我說單呢,→
https://www.ptt.cc/bbs/Stock/M.1770110818.A.B38.html,[標的] 2344華邦電 & 2408南亞科 多,a2080259,: 單秀出來再說吧  低點佈的不算喔 哈哈,噓
https://www.ptt.cc/bbs/Stock/M.1770110818.A.B38.html,[標的] 2344華邦電 & 2408南亞科 多,fatb,: 看法跟你很接近 不過我是有抱的覺悟就是了,推
https://www.ptt.cc/bbs/Stock/M.1770110818.A.B38.html,[標的] 2344華邦電 & 2408南亞科 多,fatb,: 短線來說 現在有更多更穩的標的,→
